Cgm,CodMec,CodTurma,IRA_1T_22,IPM_1T_22,IRA_2T_22,IPM_2T_22,IRA_3T_22,IPM_3T_22,IRA_MF_22,IPM_MF_22,IRA_1T_23,IPM_1T_23,IRA_2T_23,IPM_2T_23,IRA_3T_23,IPM_3T_23,IRA_MF_23,IPM_MF_23,NumTurmas22,NumTurmas23,NumEscolas22,NumEscolas23,NumDisciplinas22,NumDisciplinas23,Idade,Sexo,DescNre,DescMun,TipoEstab,Distancia,RepFreq22,RepNota22,RepNotaFreq22,SemRegistros22,Resultado.0,Resultado.1,Resultado.predicted(th=0.34069)
1011582431,41029305.0,2007103,0.0,0.0,0.0,0.0,0.0,0.0,0.0,0.0,8.28,8.55,7.99,8.7,8.22,9.5,8.16,8.92,0.0,1.0,0.0,1.0,0.0,11.0,12.0,M,LONDRINA,IBIPORA,NORMAL,7.24,0,0,0,1,0.97954726,0.020452725,0
924407603,41031423.0,1834085,8.28,9.25,7.9,7.85,8.91,8.65,8.36,8.58,0.0,0.0,0.0,0.0,0.0,0.0,0.0,0.0,1.0,0.0,1.0,0.0,12.0,0.0,16.0,Não informado,LONDRINA,LONDRINA,NORMAL,0.83,0,0,0,0,0.9992522,0.0007478014,0
1008732082,41029402.0,1989372,7.43,7.6,7.59,6.95,8.0,8.75,7.67,7.77,9.06,9.1,8.46,9.3,9.08,8.35,8.86,8.92,1.0,1.0,1.0,1.0,9.0,11.0,16.0,F,LONDRINA,IBIPORA,NORMAL,3.8,1,0,0,0,0.98959446,0.010405558,0
911505908,41031857.0,2117586,7.68,7.1,8.23,6.75,7.97,8.2,7.96,7.35,7.44,7.65,7.95,7.45,7.8,8.45,7.73,7.85,1.0,1.0,1.0,1.0,8.0,10.0,15.0,F,LONDRINA,LONDRINA,NORMAL,0.53,0,0,0,0,0.99192685,0.008073143,0
1020016678,41028457.0,1843870,7.18,6.25,7.57,7.25,7.12,6.3,7.29,6.6,0.0,0.0,0.0,0.0,0.0,0.0,0.0,0.0,1.0,0.0,1.0,0.0,8.0,0.0,16.0,Não informado,LONDRINA,CAMBE,NORMAL,1.59,0,0,0,0,0.99894565,0.0010543728,0
1006600073,41029925.0,1984635,7.1,7.7,6.35,6.05,7.48,6.4,6.98,6.72,5.49,6.75,7.02,7.0,5.9,7.25,6.14,7.0,1.0,1.0,1.0,1.0,8.0,10.0,17.0,M,LONDRINA,LONDRINA,NORMAL,0.41,0,0,0,0,0.9570975,0.042902507,0
1010445350,41033612.0,1982236,8.18,8.2,7.27,7.55,7.93,6.8,7.79,7.52,7.7,6.4,7.62,7.65,6.69,7.4,7.34,7.15,1.0,1.0,1.0,1.0,8.0,10.0,14.0,M,LONDRINA,ROLANDIA,CIV.MIL,7.82,0,0,0,0,0.9848638,0.015136156,0
1007346090,41029402.0,1989539,8.71,7.6,8.36,6.9,8.37,7.05,8.48,7.18,8.58,8.85,8.71,9.75,9.07,9.15,8.79,9.25,1.0,1.0,1.0,1.0,9.0,13.0,15.0,M,LONDRINA,IBIPORA,NORMAL,3.8,0,0,0,0,0.99309546,0.0069045136,0
1004650251,41032683.0,1981848,8.12,7.65,7.7,7.05,6.96,7.65,7.59,7.45,7.2,7.35,7.54,7.75,7.07,6.15,7.27,7.08,1.0,2.0,1.0,1.0,13.0,11.0,17.0,M,LONDRINA,LONDRINA,NORMAL,3.84,0,0,0,0,0.044810295,0.9551897,1
1010479840,41144201.0,2009107,9.92,10.0,10.0,9.0,9.87,10.0,9.93,9.67,9.11,8.6,9.01,9.05,8.63,9.1,8.92,8.92,1.0,1.0,1.0,1.0,8.0,9.0,12.0,F,GUARAPUAVA,GUARAPUAVA,CAMPO,7.82,0,0,0,0,0.052120924,0.9478791,1
1010837860,41099958.0,1984076,0.0,0.0,0.0,0.0,0.0,0.0,0.0,0.0,8.77,8.25,8.44,8.75,8.89,8.55,8.7,8.52,0.0,1.0,0.0,1.0,0.0,9.0,11.0,M,GUARAPUAVA,GUARAPUAVA,NORMAL,1.77,0,0,0,1,0.9876305,0.01236951,0
1006415284,41029151.0,1989751,8.53,8.3,8.07,9.1,8.58,9.45,8.39,8.95,9.36,9.55,9.46,9.9,9.49,9.65,9.44,9.7,1.0,1.0,1.0,1.0,8.0,10.0,14.0,M,LONDRINA,IBIPORA,CIV.MIL,4.61,0,0,0,0,0.99508727,0.004912725,0
397625460,41598024.0,2146781,6.23,5.75,6.03,6.0,7.07,6.75,6.44,6.17,6.55,7.0,6.27,6.75,0.0,0.0,4.28,4.59,1.0,3.0,1.0,1.0,13.0,9.0,20.0,M,GUARAPUAVA,CANDOI,CEEBJA,7.82,0,0,0,0,0.0094406605,0.99055934,1
1002864157,41098153.0,2015524,6.45,6.5,6.62,8.0,7.35,9.3,6.81,7.93,7.42,6.6,5.5,7.25,7.36,7.35,6.76,7.07,1.0,1.0,1.0,1.0,8.0,12.0,16.0,M,GUARAPUAVA,CANDOI,NORMAL,7.82,0,0,0,0,0.9474981,0.052501906,0
1003546876,41101057.0,2014724,7.2,7.35,7.27,6.4,7.28,7.3,7.25,7.02,8.3,6.5,7.84,7.7,6.68,7.1,7.61,7.1,1.0,1.0,1.0,1.0,12.0,12.0,18.0,F,GUARAPUAVA,GUARAPUAVA,CAMPO,4.24,0,0,0,0,0.9814376,0.018562375,0
958912749,41099958.0,1821210,7.39,6.25,7.2,6.1,6.56,5.6,7.05,5.98,0.0,0.0,0.0,0.0,0.0,0.0,0.0,0.0,1.0,0.0,1.0,0.0,12.0,0.0,16.0,Não informado,GUARAPUAVA,GUARAPUAVA,NORMAL,0.73,1,0,0,0,0.99904805,0.0009519425,0
1013216033,41028996.0,1978110,0.0,0.0,0.0,0.0,0.0,0.0,0.0,0.0,8.14,8.5,7.01,5.5,8.6,8.65,7.92,7.55,0.0,1.0,0.0,1.0,0.0,9.0,12.0,F,LONDRINA,CAMBE,CIV.MIL,1.47,0,0,0,1,0.9373939,0.06260612,0
509108986,41100166.0,1849773,6.17,6.4,5.82,4.5,6.99,8.8,6.33,6.57,0.0,0.0,0.0,0.0,0.0,0.0,0.0,0.0,1.0,0.0,1.0,0.0,12.0,0.0,16.0,Não informado,GUARAPUAVA,GUARAPUAVA,NORMAL,1.35,1,0,0,0,0.99891317,0.0010868271,0
986170359,41030460.0,2147666,7.0,0.0,8.5,0.0,0.0,0.0,5.17,0.0,8.0,8.57,9.0,7.67,0.0,0.0,5.67,5.41,1.0,2.0,1.0,1.0,1.0,2.0,28.0,F,LONDRINA,LONDRINA,NORMAL,3.84,0,0,1,0,0.004711151,0.99528885,1
1003967863,41107802.0,1985241,5.92,5.35,6.93,5.1,7.7,7.6,6.85,6.02,6.17,6.25,6.34,6.0,7.01,6.5,6.51,6.25,1.0,1.0,1.0,1.0,8.0,9.0,16.0,Não informado,,,,,1,0,0,0,0.8991972,0.10080275,0
1010617118,41029500.0,2002675,8.0,6.95,7.45,8.15,7.68,8.8,7.71,7.97,7.86,8.35,8.64,8.5,8.08,8.0,8.19,8.28,1.0,1.0,1.0,1.0,8.0,10.0,14.0,M,LONDRINA,LONDRINA,CIV.MIL,2.77,0,0,0,0,0.9929329,0.007067072,0
1011008204,41030460.0,1980218,7.38,6.25,8.17,7.6,8.25,7.85,7.93,7.23,7.81,6.6,7.62,6.55,8.16,8.3,7.87,7.15,1.0,1.0,1.0,1.0,8.0,10.0,16.0,Não informado,LONDRINA,LONDRINA,NORMAL,2.54,0,0,0,0,0.9882528,0.011747162,0
871526672,41033302.0,1934530,9.31,10.0,8.92,8.6,5.37,2.0,7.87,6.87,0.0,0.0,0.0,0.0,0.0,0.0,0.0,0.0,1.0,0.0,1.0,0.0,12.0,0.0,16.0,Não informado,LONDRINA,LONDRINA,NORMAL,4.02,1,0,0,0,0.9985296,0.0014703886,0
1009267154,41031709.0,1995610,0.0,0.0,0.0,0.0,0.0,0.0,0.0,0.0,7.7,8.5,8.91,9.25,8.89,9.0,8.5,8.92,0.0,1.0,0.0,1.0,0.0,9.0,16.0,Não informado,LONDRINA,LONDRINA,NORMAL,2.66,0,0,0,1,0.98867536,0.011324653,0
1012855644,41100166.0,1981353,6.9,5.7,6.72,5.9,5.2,2.9,6.27,4.83,6.11,5.2,6.16,5.75,7.19,6.5,6.49,5.82,1.0,1.0,1.0,1.0,8.0,9.0,16.0,Não informado,GUARAPUAVA,GUARAPUAVA,NORMAL,1.35,0,1,0,0,0.9827788,0.0172212,0
1023375059,41028406.0,1979384,5.12,5.2,4.78,5.7,5.97,3.9,5.29,4.93,7.39,7.2,6.5,6.25,6.76,4.7,6.88,6.05,1.0,1.0,1.0,1.0,8.0,9.0,16.0,Não informado,LONDRINA,CAMBE,NORMAL,1.91,0,1,0,0,0.04667729,0.9533227,1
1018344218,41033612.0,1978626,0.0,0.0,0.0,0.0,0.0,0.0,0.0,0.0,8.06,8.15,7.8,7.75,8.01,7.5,7.96,7.8,0.0,1.0,0.0,1.0,0.0,9.0,12.0,F,LONDRINA,ROLANDIA,CIV.MIL,3.84,0,0,0,1,0.98069805,0.019301977,0
924659149,41030397.0,1832435,8.67,8.85,6.42,5.5,7.34,7.4,7.48,7.25,0.0,0.0,0.0,0.0,0.0,0.0,0.0,0.0,1.0,0.0,1.0,0.0,12.0,0.0,16.0,Não informado,LONDRINA,LONDRINA,NORMAL,7.82,1,0,0,0,0.99907565,0.0009243546,0
1019613492,41019504.0,2040280,9.42,9.8,9.1,9.75,9.0,9.75,9.17,9.77,8.87,8.55,8.68,9.15,8.98,8.35,8.84,8.68,1.0,1.0,1.0,1.0,8.0,11.0,16.0,Não informado,LONDRINA,CENTENARIO DO SUL,NORMAL,7.82,0,0,0,0,0.99398506,0.0060149385,0
1015341200,41030966.0,1983182,0.0,0.0,0.0,0.0,0.0,0.0,0.0,0.0,7.3,7.1,9.06,9.1,7.69,8.3,8.01,8.17,0.0,1.0,0.0,1.0,0.0,9.0,16.0,Não informado,LONDRINA,LONDRINA,CIV.MIL,0.23,0,0,0,1,0.9873857,0.012614319,0
1005838408,41374061.0,1980500,7.77,6.25,7.11,7.85,7.19,7.85,7.36,7.32,6.43,8.0,6.25,7.0,6.3,6.35,6.33,7.12,1.0,1.0,1.0,1.0,12.0,8.0,17.0,M,GUARAPUAVA,GUARAPUAVA,AGRÍCOLA,7.82,0,0,0,0,0.97249675,0.02750326,0
1011168074,41030265.0,2012442,7.38,6.3,7.93,7.8,8.43,8.35,7.92,7.48,8.31,8.25,7.65,8.2,8.03,6.35,8.0,7.6,1.0,1.0,1.0,1.0,8.0,10.0,15.0,F,LONDRINA,LONDRINA,NORMAL,1.17,0,0,0,0,0.9908741,0.00912588,0
1014299781,41031520.0,1862592,0.0,0.0,0.0,0.0,0.0,0.0,0.0,0.0,0.0,0.0,0.0,0.0,0.0,0.0,0.0,0.0,1.0,0.0,1.0,0.0,7.0,0.0,16.0,Não informado,LONDRINA,LONDRINA,NORMAL,7.48,0,1,0,0,0.9982472,0.0017527891,0
1008747217,41098200.0,2027326,9.13,8.55,9.52,9.25,9.67,9.5,9.44,9.1,9.35,9.25,9.32,8.9,8.66,9.45,9.11,9.2,1.0,1.0,1.0,1.0,8.0,13.0,16.0,F,GUARAPUAVA,FOZ DO JORDAO,NORMAL,7.82,0,0,0,0,0.99347955,0.0065204347,0
1003845466,41101057.0,2014773,8.43,8.25,8.78,8.4,8.63,7.55,8.62,8.07,8.62,7.75,8.0,7.55,7.23,7.15,7.95,7.48,1.0,1.0,1.0,1.0,8.0,13.0,16.0,M,GUARAPUAVA,GUARAPUAVA,CAMPO,4.24,0,0,0,0,0.9894319,0.01056808,0
1004841006,41031520.0,2028945,8.58,8.45,7.92,9.15,7.25,8.15,7.92,8.58,7.86,7.25,7.85,6.95,7.72,5.1,7.81,6.43,1.0,2.0,1.0,1.0,13.0,11.0,16.0,Não informado,LONDRINA,LONDRINA,NORMAL,7.48,0,0,0,0,0.98184663,0.018153358,0
595012040,41028457.0,2011315,6.82,5.5,7.22,7.55,8.02,5.7,7.35,6.25,7.23,6.15,7.83,8.15,7.1,7.6,7.39,7.3,1.0,1.0,1.0,1.0,12.0,12.0,16.0,Não informado,LONDRINA,CAMBE,NORMAL,1.59,0,0,0,0,0.9533442,0.046655748,0
1007975488,41104897.0,1998293,7.97,7.4,8.87,8.3,9.03,8.9,8.62,8.2,9.55,10.0,9.4,9.75,9.75,10.0,9.57,9.92,1.0,1.0,1.0,1.0,8.0,10.0,14.0,F,GUARAPUAVA,PINHAO,CIV.MIL,7.82,0,0,0,0,0.9818348,0.018165156,0
1004828344,41021819.0,1987203,7.75,7.2,8.33,6.1,8.92,6.4,8.33,6.57,8.84,7.35,8.27,7.75,9.01,8.5,8.71,7.87,1.0,1.0,1.0,1.0,8.0,10.0,14.0,F,LONDRINA,MIRASELVA,NORMAL,1.59,0,0,0,0,0.9921803,0.007819694,0
1004449866,41098838.0,1980993,6.57,6.35,6.24,6.55,6.87,6.65,6.56,6.52,6.36,6.2,6.48,6.5,6.36,6.6,6.4,6.43,1.0,2.0,1.0,1.0,13.0,11.0,16.0,Não informado,GUARAPUAVA,GOIOXIM,NORMAL,7.82,0,0,0,0,0.7786906,0.2213094,0
1021053356,41032446.0,1987090,7.13,7.85,8.47,8.35,8.88,8.6,8.16,8.27,7.82,7.35,8.38,7.6,8.61,8.45,8.27,7.8,1.0,1.0,1.0,1.0,8.0,10.0,16.0,Não informado,LONDRINA,LONDRINA,NORMAL,1.74,0,0,0,0,0.99155235,0.008447626,0
9107104892,41028570.0,1985962,6.83,6.4,7.12,4.95,6.68,4.65,6.88,5.33,5.9,3.95,5.77,5.6,6.57,6.15,6.08,5.23,1.0,1.0,1.0,1.0,8.0,9.0,16.0,Não informado,LONDRINA,CAMBE,CIV.MIL,6.63,0,0,0,0,0.8243582,0.17564176,0
1004504727,41372751.0,2053198,6.7,6.0,6.35,6.1,6.78,6.5,6.61,6.2,5.64,5.95,6.64,7.25,7.54,6.5,6.6,6.57,1.0,1.0,1.0,1.0,8.0,13.0,16.0,Não informado,GUARAPUAVA,GUARAPUAVA,NORMAL,1.05,1,0,0,0,0.5967306,0.40326944,1
1011120071,41101006.0,2013056,7.35,7.15,7.37,6.4,7.77,7.3,7.49,6.95,7.23,7.25,6.5,7.2,7.26,6.4,7.0,6.95,1.0,1.0,1.0,1.0,8.0,9.0,12.0,M,GUARAPUAVA,GUARAPUAVA,CAMPO,7.82,0,0,0,0,0.9837426,0.016257424,0
476117356,41030125.0,1860807,6.47,6.2,5.22,5.3,6.72,7.95,6.14,6.48,0.0,0.0,0.0,0.0,0.0,0.0,0.0,0.0,1.0,0.0,1.0,0.0,12.0,0.0,16.0,Não informado,LONDRINA,LONDRINA,NORMAL,1.03,1,0,0,0,0.9989398,0.0010601734,0
1020045821,41106792.0,2054076,0.0,0.0,0.0,0.0,0.0,0.0,0.0,0.0,0.0,0.0,0.0,0.0,0.0,0.0,0.0,0.0,1.0,1.0,1.0,1.0,7.0,7.0,16.0,Não informado,,,,,0,1,0,0,0.9886923,0.011307735,0
871526702,41031857.0,1823357,7.24,6.3,6.22,6.65,7.94,7.6,7.13,6.85,0.0,0.0,0.0,0.0,0.0,0.0,0.0,0.0,1.0,0.0,1.0,0.0,12.0,0.0,16.0,Não informado,LONDRINA,LONDRINA,NORMAL,6.41,0,0,0,0,0.9992346,0.0007653675,0
594814762,41028732.0,1828478,6.78,6.4,7.36,7.2,7.87,6.95,7.34,6.85,0.0,0.0,0.0,0.0,0.0,0.0,0.0,0.0,1.0,0.0,1.0,0.0,12.0,0.0,16.0,Não informado,LONDRINA,CAMBE,NORMAL,0.56,0,0,0,0,0.999182,0.0008179902,0
824808821,41021932.0,1988048,7.6,7.25,8.07,6.6,7.89,6.85,7.85,6.9,7.08,6.9,7.19,7.4,2.73,1.75,5.67,5.35,1.0,1.0,1.0,1.0,9.0,13.0,17.0,F,LONDRINA,PORECATU,NORMAL,1.68,1,0,0,0,0.0017413497,0.99825865,1
358308147,41144180.0,2146869,7.53,7.3,8.17,8.0,0.0,0.0,5.23,5.1,8.61,6.5,7.39,6.4,0.0,0.0,5.33,4.3,1.0,2.0,1.0,1.0,4.0,8.0,20.0,M,GUARAPUAVA,GUARAPUAVA,CEEBJA,7.82,0,0,1,0,0.0060887337,0.99391127,1
313117812,41033817.0,1807871,7.52,7.1,8.21,6.05,7.67,6.85,7.8,6.67,0.0,0.0,0.0,0.0,0.0,0.0,0.0,0.0,1.0,0.0,1.0,0.0,12.0,0.0,16.0,Não informado,LONDRINA,ROLANDIA,NORMAL,1.45,0,0,0,0,0.9991614,0.00083859294,0
948216221,41032489.0,1825318,8.49,9.1,8.46,7.4,9.21,9.2,8.72,8.57,0.0,0.0,0.0,0.0,0.0,0.0,0.0,0.0,1.0,0.0,1.0,0.0,12.0,0.0,16.0,Não informado,LONDRINA,LONDRINA,NORMAL,7.82,0,0,0,0,0.99927384,0.0007261365,0
1010666097,41101057.0,2001916,0.0,0.0,0.0,0.0,0.0,0.0,0.0,0.0,7.6,6.95,7.71,7.05,7.61,7.75,7.64,7.25,0.0,1.0,0.0,1.0,0.0,9.0,11.0,F,GUARAPUAVA,GUARAPUAVA,CAMPO,7.82,0,0,0,1,0.08010715,0.91989285,1
1008890567,41354699.0,2146448,0.0,0.0,0.0,0.0,0.0,0.0,0.0,0.0,9.5,6.4,8.0,10.0,0.0,0.0,5.83,5.47,0.0,1.0,0.0,1.0,0.0,2.0,17.0,M,LONDRINA,CAMBE,CEEBJA,1.38,0,0,0,1,0.0094207525,0.99057925,1
1004230317,41100379.0,1989200,0.0,0.0,0.0,0.0,0.0,0.0,0.0,0.0,7.11,7.1,7.13,7.3,6.26,6.5,6.83,6.97,0.0,1.0,0.0,1.0,0.0,13.0,17.0,M,GUARAPUAVA,GUARAPUAVA,NORMAL,3.16,0,0,0,1,0.9512357,0.048764285,0
1015397132,41104234.0,1978751,0.0,0.0,0.0,0.0,0.0,0.0,0.0,0.0,8.74,8.35,9.0,7.7,8.54,8.3,8.76,8.12,0.0,1.0,0.0,1.0,0.0,9.0,13.0,M,GUARAPUAVA,RESERVA DO IGUACU,NORMAL,7.82,0,0,0,1,0.99135315,0.008646842,0
1013217633,41104897.0,1997741,0.0,0.0,0.0,0.0,0.0,0.0,0.0,0.0,7.39,6.25,7.54,5.0,5.89,4.45,6.94,5.23,0.0,1.0,0.0,1.0,0.0,9.0,13.0,M,GUARAPUAVA,PINHAO,CIV.MIL,7.82,0,0,0,1,0.0040022135,0.9959978,1
1010656580,41030486.0,2020429,7.57,5.5,7.02,7.8,7.92,7.65,7.5,6.98,6.66,6.05,7.49,7.2,7.67,7.45,7.27,6.9,1.0,1.0,1.0,1.0,8.0,9.0,13.0,F,LONDRINA,LONDRINA,NORMAL,3.84,0,0,0,0,0.98406595,0.01593407,0
7259484,41144015.0,2148498,0.0,0.0,0.0,0.0,0.0,0.0,0.0,0.0,8.52,7.25,8.24,8.0,0.0,0.0,5.59,5.08,0.0,3.0,0.0,1.0,0.0,9.0,43.0,F,LONDRINA,FLORESTOPOLIS,NORMAL,4.15,0,0,0,1,0.0061355233,0.9938645,1
1009292507,41104730.0,1986459,6.65,6.35,6.8,5.95,6.85,6.2,6.77,6.17,7.1,7.15,7.47,6.85,7.65,6.55,7.41,6.85,1.0,1.0,1.0,1.0,8.0,10.0,14.0,F,GUARAPUAVA,PINHAO,NORMAL,7.82,1,0,0,0,0.99514604,0.0048539494,0
1009246726,41022050.0,2046018,8.65,7.4,8.25,9.6,8.43,7.0,8.44,8.0,8.29,7.25,7.83,7.25,7.77,6.65,7.96,7.05,1.0,1.0,1.0,1.0,8.0,9.0,16.0,Não informado,LONDRINA,PRIMEIRO DE MAIO,NORMAL,7.19,0,0,0,0,0.9900764,0.009923556,0
1017275964,41028902.0,2031729,8.07,8.0,8.34,8.5,7.12,6.85,7.84,7.78,8.18,6.5,7.68,7.3,8.09,7.1,7.98,6.97,1.0,2.0,1.0,1.0,13.0,11.0,17.0,M,LONDRINA,CAMBE,NORMAL,1.97,0,0,0,0,0.9823071,0.0176929,0
1004705749,41099940.0,1986315,7.83,9.25,8.82,9.8,7.58,9.0,8.08,9.35,8.5,7.5,8.47,7.35,7.67,6.1,8.21,6.98,1.0,1.0,1.0,1.0,12.0,12.0,18.0,M,GUARAPUAVA,GUARAPUAVA,NORMAL,1.02,0,0,0,0,0.9538909,0.04610907,0
1007527736,41022416.0,2022422,8.25,7.5,8.83,7.6,8.2,8.75,8.43,7.95,8.79,8.05,7.97,8.05,6.41,6.5,7.72,7.53,1.0,1.0,1.0,1.0,8.0,10.0,16.0,Não informado,LONDRINA,SERTANOPOLIS,CIV.MIL,4.51,0,0,0,0,0.9761613,0.023838695,0
65444615,41100816.0,2019702,7.43,7.45,7.13,6.25,6.97,7.3,7.18,7.0,8.45,8.3,7.53,6.6,8.01,6.5,8.0,7.13,1.0,2.0,1.0,1.0,13.0,11.0,16.0,M,GUARAPUAVA,GUARAPUAVA,CIV.MIL,7.82,0,0,0,0,0.9874896,0.012510439,0
1026281683,41033604.0,1828257,3.5,0.0,0.0,0.0,0.0,0.0,1.17,0.0,0.0,0.0,0.0,0.0,0.0,0.0,0.0,0.0,1.0,0.0,1.0,0.0,3.0,0.0,16.0,Não informado,LONDRINA,ROLANDIA,NORMAL,0.22,0,0,1,0,0.99886894,0.0011310631,0
1006485606,41030800.0,2003364,6.32,4.9,6.67,6.2,7.98,6.85,6.99,5.98,7.34,6.9,7.13,7.0,7.48,4.95,7.32,6.28,1.0,1.0,1.0,1.0,8.0,13.0,16.0,F,LONDRINA,LONDRINA,NORMAL,3.84,0,0,0,0,0.03231466,0.96768534,1
1004499502,41033604.0,2148208,1.3,0.0,0.0,0.0,0.0,0.0,0.43,0.0,4.5,0.0,6.1,0.0,0.0,0.0,3.53,0.0,1.0,2.0,1.0,1.0,1.0,1.0,17.0,F,LONDRINA,ROLANDIA,NORMAL,7.82,0,0,1,0,0.0020320415,0.99796796,1
1005567110,41144252.0,2006485,6.7,6.4,6.53,6.9,6.42,7.5,6.55,6.93,6.36,5.25,6.36,6.85,6.35,6.95,6.36,6.35,1.0,1.0,1.0,1.0,8.0,10.0,15.0,M,LONDRINA,IBIPORA,CIV.MIL,5.12,0,0,0,0,0.8232305,0.1767695,0
1008348550,41030966.0,1983334,0.0,0.0,0.0,0.0,0.0,0.0,0.0,0.0,7.74,8.2,8.21,8.45,8.23,7.4,8.06,8.02,0.0,1.0,0.0,1.0,0.0,9.0,12.0,M,LONDRINA,LONDRINA,CIV.MIL,0.53,0,0,0,1,0.9565139,0.043486148,0
1010728912,41387040.0,2038450,8.2,6.3,8.5,7.05,8.02,8.2,8.24,7.18,7.38,6.5,8.73,7.0,7.74,7.3,7.95,6.93,1.0,1.0,1.0,1.0,8.0,10.0,14.0,F,GUARAPUAVA,GUARAPUAVA,CAMPO,7.82,0,0,0,0,0.9870495,0.012950468,0
1013921217,41033264.0,1983498,0.0,0.0,0.0,0.0,0.0,0.0,0.0,0.0,7.04,7.0,7.54,7.9,7.42,6.75,7.34,7.22,0.0,1.0,0.0,1.0,0.0,11.0,16.0,Não informado,LONDRINA,LONDRINA,NORMAL,6.05,0,0,0,1,0.97534174,0.024658289,0
1016226978,41020073.0,2021616,6.72,5.15,7.49,4.9,7.67,5.25,7.29,5.1,7.7,6.75,8.47,6.75,8.36,8.25,8.18,7.25,1.0,2.0,1.0,1.0,13.0,11.0,17.0,F,LONDRINA,JAGUAPITA,NORMAL,6.4,0,0,0,0,0.97456914,0.025430832,0
1006688728,41032446.0,2012544,7.23,7.05,7.3,6.85,8.7,7.55,7.74,7.15,7.07,6.25,4.61,3.65,1.95,0.95,4.55,3.62,1.0,1.0,1.0,1.0,8.0,13.0,16.0,F,LONDRINA,LONDRINA,NORMAL,3.84,0,0,0,0,0.0020851493,0.99791485,1
1022104540,41031857.0,1998031,8.52,8.45,8.47,9.05,8.68,9.8,8.56,9.1,9.2,9.65,8.86,9.05,8.34,8.25,8.8,8.98,1.0,1.0,1.0,1.0,8.0,10.0,14.0,M,LONDRINA,LONDRINA,NORMAL,3.84,0,0,0,0,0.98395675,0.016043264,0
1023070215,41028430.0,1991315,8.27,9.6,8.35,9.65,8.33,9.2,8.32,9.48,7.29,9.3,7.8,7.6,7.8,7.15,7.63,8.02,1.0,1.0,1.0,1.0,8.0,10.0,16.0,Não informado,LONDRINA,CAMBE,CIV.MIL,1.87,0,0,0,0,0.94448644,0.05551355,0
1009966648,41099940.0,1984845,6.23,7.5,6.73,7.45,7.88,7.75,6.95,7.57,7.05,7.4,6.84,6.6,6.41,6.3,6.77,6.77,1.0,1.0,1.0,1.0,8.0,10.0,16.0,Não informado,GUARAPUAVA,GUARAPUAVA,NORMAL,1.55,0,0,0,0,0.9126422,0.08735781,0
1010684370,41377575.0,1982501,7.7,8.1,7.98,8.45,7.92,8.85,7.87,8.47,7.88,6.9,8.56,9.25,8.43,9.25,8.29,8.47,1.0,1.0,1.0,1.0,8.0,10.0,14.0,F,LONDRINA,LONDRINA,NORMAL,7.82,0,0,0,0,0.99075687,0.00924314,0
594815033,41028570.0,1813370,9.05,8.85,8.93,9.15,9.19,9.45,9.06,9.15,0.0,0.0,0.0,0.0,0.0,0.0,0.0,0.0,1.0,0.0,1.0,0.0,12.0,0.0,16.0,Não informado,LONDRINA,CAMBE,CIV.MIL,6.63,0,0,0,0,0.9990268,0.00097322033,0
1009615764,41031520.0,1996663,7.27,7.35,7.5,8.9,6.92,9.0,7.23,8.42,7.91,7.6,7.0,6.5,7.47,6.65,7.46,6.92,1.0,1.0,1.0,1.0,8.0,10.0,16.0,F,LONDRINA,LONDRINA,NORMAL,4.84,0,0,0,0,0.9252643,0.07473571,0
1007780377,41031148.0,1980444,0.0,0.0,0.0,0.0,0.0,0.0,0.0,0.0,7.97,7.25,8.26,6.75,7.97,8.15,8.07,7.38,0.0,1.0,0.0,1.0,0.0,9.0,16.0,Não informado,LONDRINA,LONDRINA,NORMAL,4.1,0,0,0,1,0.9833312,0.016668782,0
1004231968,41021436.0,2054425,8.22,9.1,8.52,9.4,7.75,7.75,8.16,8.75,8.46,9.23,9.54,9.08,6.58,6.75,8.2,8.36,1.0,2.0,1.0,1.0,13.0,9.0,17.0,F,LONDRINA,BELA VISTA DO PARAISO,NORMAL,7.82,0,0,0,0,0.6070982,0.39290178,1
359026706,41100476.0,1996981,8.02,7.25,7.9,6.6,8.16,6.05,8.03,6.63,9.65,7.15,8.4,6.05,8.85,6.85,8.97,6.68,1.0,1.0,1.0,1.0,7.0,4.0,18.0,F,GUARAPUAVA,GUARAPUAVA,NORMAL,4.48,0,0,0,0,0.98817337,0.011826664,0
1002822543,41030125.0,1887401,6.94,4.85,5.68,4.55,4.38,1.5,5.67,3.63,0.0,0.0,0.0,0.0,0.0,0.0,0.0,0.0,1.0,0.0,1.0,0.0,12.0,0.0,16.0,Não informado,LONDRINA,LONDRINA,NORMAL,1.03,0,0,1,0,0.998305,0.001694987,0
926105710,41032225.0,1836057,8.2,8.0,9.14,9.95,8.44,10.0,8.59,9.32,0.0,0.0,0.0,0.0,0.0,0.0,0.0,0.0,1.0,0.0,1.0,0.0,12.0,0.0,16.0,Não informado,LONDRINA,LONDRINA,NORMAL,2.11,0,0,0,0,0.9990826,0.00091734866,0
1006380995,41101057.0,2014953,7.36,6.95,7.29,6.5,7.7,7.05,7.45,6.83,7.39,6.65,7.39,6.85,7.02,7.15,7.26,6.88,1.0,2.0,1.0,1.0,13.0,11.0,16.0,F,GUARAPUAVA,GUARAPUAVA,CAMPO,4.24,0,0,0,0,0.9806192,0.019380797,0
1013518714,41022416.0,2022393,0.0,0.0,0.0,0.0,0.0,0.0,0.0,0.0,8.29,8.05,8.5,7.7,8.0,7.4,8.26,7.72,0.0,1.0,0.0,1.0,0.0,9.0,16.0,Não informado,LONDRINA,SERTANOPOLIS,CIV.MIL,4.51,0,0,0,1,0.99169016,0.008309853,0
235226073,41100379.0,1985619,9.1,6.3,7.67,8.05,7.4,7.05,8.06,7.13,7.4,9.5,8.2,9.0,6.88,6.5,7.49,8.33,1.0,1.0,1.0,1.0,5.0,5.0,18.0,M,GUARAPUAVA,GUARAPUAVA,NORMAL,2.7,0,0,0,0,0.93275845,0.06724155,0
1011036887,41021665.0,1988498,0.0,0.0,0.0,0.0,0.0,0.0,0.0,0.0,8.37,7.75,8.31,8.0,8.43,8.25,8.37,8.0,0.0,1.0,0.0,1.0,0.0,9.0,16.0,Não informado,LONDRINA,FLORESTOPOLIS,NORMAL,3.8,0,0,0,1,0.9869886,0.013011411,0
1027718600,41033302.0,2004005,0.0,0.0,0.0,0.0,0.0,0.0,0.0,0.0,9.0,9.0,7.14,9.0,7.06,9.05,7.73,9.02,0.0,1.0,0.0,1.0,0.0,11.0,16.0,Não informado,LONDRINA,LONDRINA,NORMAL,4.02,0,0,0,1,0.041142046,0.95885795,1
1008840497,41032241.0,1977379,7.62,7.0,7.3,6.05,8.74,7.45,7.89,6.83,7.8,7.15,7.38,7.0,8.48,8.6,7.89,7.58,1.0,1.0,1.0,1.0,12.0,8.0,17.0,M,LONDRINA,LONDRINA,NORMAL,3.84,0,0,0,0,0.9899374,0.010062591,0
1011005299,41100905.0,1979573,6.98,6.15,7.55,6.65,8.35,8.05,7.63,6.95,7.64,7.35,8.93,7.45,9.68,8.3,8.75,7.7,1.0,1.0,1.0,1.0,8.0,10.0,15.0,F,GUARAPUAVA,GUARAPUAVA,NORMAL,4.25,0,0,0,0,0.98651874,0.01348126,0
1015474331,41031520.0,2031019,9.62,9.45,8.94,8.9,9.8,9.6,9.45,9.32,9.46,9.15,9.5,8.55,9.62,9.1,9.53,8.93,1.0,1.0,1.0,1.0,7.0,7.0,11.0,M,LONDRINA,LONDRINA,NORMAL,6.98,0,0,0,0,0.9952762,0.0047237775,0
1006651107,41021932.0,1978402,8.1,9.0,7.79,9.05,9.01,9.0,8.3,9.02,8.4,9.0,8.38,9.25,8.27,9.0,8.35,9.08,1.0,1.0,1.0,1.0,9.0,11.0,16.0,Não informado,LONDRINA,PORECATU,NORMAL,1.68,0,0,0,0,0.9916337,0.008366273,0
1006488826,41100166.0,1985278,7.35,7.35,7.63,7.35,7.8,8.25,7.59,7.65,7.58,8.4,7.88,8.47,8.2,8.03,7.88,8.3,1.0,2.0,1.0,1.0,13.0,9.0,16.0,F,GUARAPUAVA,GUARAPUAVA,NORMAL,0.95,0,0,0,0,0.96256417,0.03743581,0
476120152,41030125.0,2038272,8.15,7.5,8.05,7.1,7.91,8.75,8.04,7.78,8.27,7.7,8.29,6.9,7.4,7.65,7.99,7.42,1.0,1.0,1.0,1.0,12.0,12.0,18.0,F,LONDRINA,LONDRINA,NORMAL,0.62,0,0,0,0,0.9853074,0.014692597,0
1005715861,41033604.0,1990378,7.0,6.5,6.73,7.0,6.73,6.9,6.82,6.8,7.29,5.8,6.94,7.9,6.96,8.55,7.06,7.42,1.0,1.0,1.0,1.0,8.0,10.0,16.0,F,LONDRINA,ROLANDIA,NORMAL,2.2,0,0,0,0,0.9920693,0.007930669,0
1004400468,41033280.0,2008103,8.75,7.85,8.31,7.65,8.01,8.55,8.36,8.02,8.09,7.2,9.33,7.83,8.97,8.33,8.8,7.79,1.0,2.0,1.0,1.0,13.0,9.0,17.0,M,LONDRINA,LONDRINA,CIV.MIL,1.51,0,0,0,0,0.9736289,0.026371133,0
1004055507,41033604.0,1989861,5.6,5.05,6.27,6.95,6.8,7.65,6.22,6.55,5.77,6.25,6.0,6.25,7.15,6.45,6.31,6.32,1.0,1.0,1.0,1.0,8.0,13.0,17.0,M,LONDRINA,ROLANDIA,NORMAL,1.76,0,0,0,0,0.9321671,0.06783287,0
1006029473,41100476.0,2002599,0.0,0.0,0.0,0.0,0.0,0.0,0.0,0.0,6.48,6.45,7.03,6.25,7.11,5.75,6.87,6.15,0.0,1.0,0.0,1.0,0.0,10.0,14.0,F,GUARAPUAVA,GUARAPUAVA,NORMAL,1.0,0,0,0,1,0.71031666,0.28968337,0
871527105,41031318.0,1999447,9.4,8.0,7.16,9.25,6.96,9.5,7.84,8.92,9.04,8.45,7.1,8.45,7.46,8.65,7.87,8.52,1.0,1.0,1.0,1.0,7.0,7.0,18.0,M,LONDRINA,LONDRINA,INSTITUTO,3.84,0,0,0,0,0.9126048,0.08739519,0
1011376840,41104447.0,2016992,0.0,0.0,0.0,0.0,0.0,0.0,0.0,0.0,7.57,6.4,7.67,7.4,8.04,6.15,7.76,6.65,0.0,1.0,0.0,1.0,0.0,9.0,16.0,Não informado,,,,,0,0,0,1,0.9788757,0.021124326,0
1010015169,41100166.0,1982852,7.18,8.45,7.33,6.3,7.63,6.9,7.38,7.22,7.54,7.3,7.61,5.85,7.77,6.7,7.64,6.62,1.0,1.0,1.0,1.0,8.0,10.0,14.0,M,GUARAPUAVA,GUARAPUAVA,NORMAL,0.45,0,0,0,0,0.99250764,0.007492373,0
1006254760,41033612.0,1979697,8.67,9.0,8.92,9.25,7.08,8.25,8.22,8.83,8.85,9.2,8.99,8.85,8.41,8.35,8.75,8.8,1.0,1.0,1.0,1.0,8.0,10.0,16.0,Não informado,LONDRINA,ROLANDIA,CIV.MIL,1.8,1,0,0,0,0.963578,0.03642204,0
1011117666,41352750.0,2043791,5.77,5.0,7.53,6.8,7.85,6.6,7.05,6.13,7.42,9.25,7.74,7.6,8.3,7.65,7.82,8.17,1.0,1.0,1.0,1.0,8.0,11.0,16.0,Não informado,,,,,0,0,0,0,0.98452276,0.015477242,0
593812600,41028732.0,1828493,7.23,7.0,7.45,7.5,7.58,7.2,7.42,7.23,0.0,0.0,0.0,0.0,0.0,0.0,0.0,0.0,1.0,0.0,1.0,0.0,12.0,0.0,16.0,Não informado,LONDRINA,CAMBE,NORMAL,0.56,0,0,0,0,0.9992101,0.0007899017,0
1021955279,41028570.0,1986330,7.27,7.4,6.92,7.2,6.63,7.25,6.94,7.28,6.86,5.75,7.14,6.05,7.35,7.2,7.12,6.33,1.0,1.0,1.0,1.0,8.0,10.0,15.0,F,LONDRINA,CAMBE,CIV.MIL,1.35,0,0,0,0,0.9875639,0.012436068,0
1007792499,41029151.0,1987107,0.0,0.0,0.0,0.0,0.0,0.0,0.0,0.0,4.9,6.05,6.29,7.0,7.09,6.5,6.09,6.52,0.0,1.0,0.0,1.0,0.0,9.0,16.0,M,LONDRINA,IBIPORA,CIV.MIL,4.61,0,0,0,1,0.005888164,0.99411184,1
1023453378,41028430.0,1989937,0.0,0.0,0.0,0.0,0.0,0.0,0.0,0.0,9.16,8.75,9.43,9.25,8.46,8.95,9.01,8.98,0.0,1.0,0.0,1.0,0.0,9.0,13.0,M,LONDRINA,CAMBE,CIV.MIL,3.84,0,0,0,1,0.98782015,0.012179843,0
1010673131,41032446.0,1987045,7.23,6.3,6.55,6.05,7.75,7.3,7.18,6.55,6.65,5.8,6.65,6.25,6.78,6.25,6.69,6.1,1.0,1.0,1.0,1.0,8.0,10.0,14.0,M,LONDRINA,LONDRINA,NORMAL,3.84,0,0,0,0,0.03273374,0.96726626,1
313619397,41033604.0,1828312,7.29,6.8,7.06,6.95,6.89,8.25,7.08,7.33,0.0,0.0,0.0,0.0,0.0,0.0,0.0,0.0,1.0,0.0,1.0,0.0,12.0,0.0,16.0,Não informado,LONDRINA,ROLANDIA,NORMAL,0.22,0,0,0,0,0.99904364,0.00095634174,0
1013228120,41144244.0,1986413,0.0,0.0,0.0,0.0,0.0,0.0,0.0,0.0,6.33,6.0,6.89,6.0,7.61,6.0,6.94,6.0,0.0,1.0,0.0,1.0,0.0,9.0,16.0,Não informado,GUARAPUAVA,GUARAPUAVA,NORMAL,3.99,0,0,0,1,0.9621856,0.037814397,0
69200885,41020251.0,2023619,7.75,7.15,7.42,7.95,7.67,7.75,7.61,7.62,6.57,6.1,7.01,6.1,7.73,7.15,7.1,6.45,1.0,1.0,1.0,1.0,8.0,10.0,16.0,M,LONDRINA,LUPIONOPOLIS,NORMAL,3.11,1,0,0,0,0.9536211,0.046378892,0
1009907145,41029500.0,1992774,0.0,0.0,0.0,0.0,0.0,0.0,0.0,0.0,8.89,7.6,9.36,8.75,9.11,8.5,9.12,8.28,0.0,1.0,0.0,1.0,0.0,9.0,12.0,F,LONDRINA,LONDRINA,CIV.MIL,3.84,0,0,0,1,0.99214953,0.007850478,0
1008682603,41381580.0,2027825,8.27,7.4,8.17,8.15,7.97,7.55,8.13,7.7,7.38,6.35,6.66,6.85,7.74,6.25,7.26,6.48,1.0,1.0,1.0,1.0,8.0,10.0,16.0,Não informado,LONDRINA,LONDRINA,NORMAL,0.7,0,0,0,0,0.9643036,0.03569636,0
9111641690,41029445.0,1849169,7.43,8.65,7.65,7.8,7.29,8.05,7.46,8.17,0.0,0.0,0.0,0.0,0.0,0.0,0.0,0.0,1.0,0.0,1.0,0.0,12.0,0.0,16.0,Não informado,LONDRINA,IBIPORA,NORMAL,4.18,0,0,0,0,0.9991313,0.0008686755,0
1027913624,41029356.0,1987889,5.33,6.5,6.67,5.85,8.33,7.6,6.78,6.65,6.81,7.55,6.87,6.75,7.29,6.3,6.99,6.87,1.0,1.0,1.0,1.0,8.0,9.0,16.0,Não informado,LONDRINA,IBIPORA,NORMAL,5.18,1,0,0,0,0.97436255,0.025637433,0
1006838517,41033604.0,2076037,7.15,7.3,6.8,7.55,7.55,9.35,7.17,8.07,6.78,5.7,7.49,6.4,7.79,8.3,7.35,6.8,1.0,1.0,1.0,1.0,8.0,12.0,16.0,M,LONDRINA,ROLANDIA,NORMAL,7.82,0,0,0,0,0.9959239,0.0040761055,0
830710973,41021665.0,1993449,7.5,6.5,7.3,5.75,7.4,7.25,7.4,6.5,7.1,7.0,6.85,7.0,7.2,7.0,7.05,7.0,1.0,1.0,1.0,1.0,12.0,12.0,18.0,M,LONDRINA,FLORESTOPOLIS,NORMAL,3.8,0,0,0,0,0.9919029,0.008097131,0
1004654796,41031750.0,1992370,6.48,6.95,7.02,7.1,6.57,7.1,6.69,7.05,6.88,6.5,8.09,6.35,6.86,7.4,7.27,6.75,1.0,1.0,1.0,1.0,8.0,10.0,17.0,F,LONDRINA,LONDRINA,NORMAL,2.86,0,0,0,0,0.97794133,0.022058679,0
1015154507,41030460.0,1979849,8.75,9.05,8.85,8.1,9.3,9.4,8.97,8.85,8.77,8.9,8.87,7.9,9.13,9.55,8.92,8.78,1.0,1.0,1.0,1.0,8.0,9.0,13.0,M,LONDRINA,LONDRINA,NORMAL,1.55,0,0,0,0,0.9938649,0.006135124,0
1015605720,41033434.0,1986853,8.01,6.8,7.94,8.35,7.99,8.6,7.98,7.92,8.07,7.2,7.51,7.1,7.36,6.4,7.64,6.9,1.0,1.0,1.0,1.0,9.0,11.0,14.0,M,LONDRINA,LONDRINA,NORMAL,3.84,0,0,0,0,0.9869732,0.013026765,0
1004329976,41022351.0,2054872,7.29,8.05,5.58,7.25,8.45,6.1,7.11,7.13,7.68,5.3,2.55,0.38,1.83,0.0,4.03,1.89,1.0,2.0,1.0,1.0,13.0,9.0,18.0,F,LONDRINA,SERTANOPOLIS,NORMAL,4.4,1,0,0,0,0.007332921,0.9926671,1
1009963266,41144228.0,1981393,6.71,6.65,6.59,7.0,7.4,7.7,6.9,7.12,7.39,6.0,7.81,7.4,8.09,7.75,7.76,7.05,1.0,1.0,1.0,1.0,9.0,11.0,14.0,M,GUARAPUAVA,GUARAPUAVA,NORMAL,0.95,0,0,0,0,0.98673195,0.013268076,0
1004388433,41020073.0,2016414,0.0,0.0,0.0,0.0,0.0,0.0,0.0,0.0,5.15,5.0,5.85,5.15,7.55,6.75,6.18,5.63,0.0,1.0,0.0,1.0,0.0,13.0,17.0,F,LONDRINA,JAGUAPITA,NORMAL,6.4,0,0,0,1,0.0025328398,0.99746716,1
1005651138,41021436.0,1986012,0.0,0.0,0.0,0.0,0.0,0.0,0.0,0.0,9.1,8.05,8.51,7.7,7.98,6.65,8.53,7.47,0.0,1.0,0.0,1.0,0.0,13.0,16.0,F,LONDRINA,BELA VISTA DO PARAISO,NORMAL,7.82,0,0,0,1,0.9735327,0.026467308,0
1021969288,41021665.0,1990190,9.33,8.75,9.25,9.0,9.5,8.5,9.36,8.75,9.12,10.0,9.25,9.25,9.56,10.0,9.31,9.75,1.0,1.0,1.0,1.0,8.0,10.0,16.0,M,LONDRINA,FLORESTOPOLIS,NORMAL,3.8,0,0,0,0,0.9956218,0.0043782294,0
476813999,41030125.0,2038275,7.37,8.1,7.22,8.2,7.56,7.0,7.38,7.77,5.97,4.95,6.94,6.55,6.34,6.95,6.42,6.15,1.0,1.0,1.0,1.0,12.0,12.0,18.0,F,LONDRINA,LONDRINA,NORMAL,1.2,0,0,0,0,0.951455,0.04854499,0
1023749897,41101367.0,1859786,6.55,6.95,6.42,6.25,7.42,7.05,6.79,6.75,0.0,0.0,0.0,0.0,0.0,0.0,0.0,0.0,1.0,0.0,1.0,0.0,8.0,0.0,16.0,Não informado,GUARAPUAVA,CAMPINA DO SIMAO,NORMAL,7.82,1,0,0,0,0.99809986,0.0019001553,0
1021915730,41028457.0,2011147,8.85,8.3,8.98,8.4,8.65,8.35,8.83,8.35,8.85,8.7,8.99,9.2,8.97,8.05,8.94,8.65,1.0,1.0,1.0,1.0,8.0,10.0,15.0,F,LONDRINA,CAMBE,NORMAL,3.84,0,0,0,0,0.99394727,0.0060527525,0
1004164217,41032489.0,2018284,7.91,9.5,7.79,8.25,8.51,7.95,8.07,8.57,8.39,7.5,8.49,5.9,8.29,8.5,8.38,7.3,1.0,2.0,1.0,1.0,13.0,11.0,17.0,M,LONDRINA,LONDRINA,NORMAL,3.84,1,0,0,0,0.97890484,0.02109515,0
901916705,41032292.0,2000136,8.15,8.25,7.8,8.25,7.79,7.8,7.91,8.1,8.79,8.35,8.98,9.0,8.61,9.0,8.79,8.78,1.0,1.0,1.0,1.0,12.0,12.0,18.0,M,LONDRINA,LONDRINA,NORMAL,3.84,0,0,0,0,0.99081117,0.009188855,0
1008751630,41356136.0,1980092,6.12,6.2,6.63,6.0,6.75,6.2,6.5,6.13,6.85,8.1,6.5,7.1,6.83,7.5,6.73,7.57,1.0,1.0,1.0,1.0,8.0,10.0,15.0,M,LONDRINA,LONDRINA,NORMAL,0.13,1,0,0,0,0.9564445,0.043555513,0
1016362979,41098110.0,1978283,0.0,0.0,0.0,0.0,0.0,0.0,0.0,0.0,7.34,6.75,7.57,6.75,7.74,7.05,7.55,6.85,0.0,1.0,0.0,1.0,0.0,9.0,14.0,M,GUARAPUAVA,CANDOI,CAMPO,7.82,0,0,0,1,0.98155945,0.018440533,0
1006799163,41152913.0,1993800,8.13,6.9,7.78,8.4,8.92,8.6,8.28,7.97,8.91,8.0,8.09,8.0,8.9,8.4,8.63,8.13,1.0,1.0,1.0,1.0,8.0,9.0,13.0,F,LONDRINA,ROLANDIA,CIV.MIL,2.1,0,0,0,0,0.9911756,0.008824423,0
9114462486,41030478.0,2020547,5.63,6.2,5.57,5.1,6.41,3.9,5.87,5.07,5.64,6.6,4.68,2.95,4.22,4.65,4.85,4.73,1.0,2.0,1.0,1.0,12.0,11.0,17.0,M,LONDRINA,LONDRINA,NORMAL,1.2,0,0,1,0,0.012633026,0.987367,1
1011531160,41355156.0,1982289,0.0,0.0,0.0,0.0,0.0,0.0,0.0,0.0,8.99,9.85,9.04,8.8,8.79,8.15,8.94,8.93,0.0,1.0,0.0,1.0,0.0,9.0,16.0,Não informado,LONDRINA,LONDRINA,NORMAL,0.5,0,0,0,1,0.974771,0.025228986,0
1007966098,41104439.0,1992438,6.92,6.45,7.23,6.35,6.58,6.55,6.91,6.45,7.74,6.4,7.3,5.85,7.44,7.0,7.49,6.42,1.0,1.0,1.0,1.0,8.0,10.0,16.0,Não informado,GUARAPUAVA,PINHAO,NORMAL,7.82,0,0,0,0,0.98851055,0.01148947,0
1023618326,41028988.0,2043090,5.85,6.0,6.08,6.1,5.93,6.55,5.96,6.22,7.04,6.7,6.77,6.05,6.49,6.45,6.77,6.4,1.0,1.0,1.0,1.0,8.0,11.0,14.0,F,LONDRINA,CAMBE,NORMAL,2.12,0,0,0,0,0.974469,0.025531003,0
1006969727,41031946.0,2117586,2.45,2.8,2.8,2.5,0.0,0.0,1.75,1.77,7.45,7.65,6.34,7.35,6.12,6.85,6.64,7.28,1.0,1.0,1.0,1.0,8.0,10.0,16.0,Não informado,LONDRINA,LONDRINA,NORMAL,2.21,0,0,1,0,0.63374144,0.36625856,1
924659955,41028406.0,1979983,8.93,8.75,8.6,8.7,9.51,9.4,9.01,8.95,8.79,9.0,8.45,8.8,8.7,7.0,8.65,8.27,1.0,1.0,1.0,1.0,12.0,12.0,18.0,F,LONDRINA,CAMBE,NORMAL,3.84,0,0,0,0,0.98941845,0.010581571,0
1009565473,41030451.0,1993675,7.63,8.05,8.35,7.5,8.33,7.25,8.11,7.6,7.92,7.0,7.94,7.4,8.11,7.25,7.99,7.22,1.0,1.0,1.0,1.0,8.0,10.0,16.0,Não informado,LONDRINA,LONDRINA,CIV.MIL,1.14,0,0,0,0,0.064169645,0.93583035,1
1007065520,41021983.0,1982333,0.0,0.0,0.0,0.0,0.0,0.0,0.0,0.0,7.54,5.0,6.9,6.25,6.5,7.25,6.98,6.17,0.0,1.0,0.0,1.0,0.0,9.0,16.0,Não informado,LONDRINA,PORECATU,NORMAL,1.93,0,0,0,1,0.97157997,0.028420037,0
1009311668,41030265.0,2015355,7.68,6.85,7.77,7.8,8.43,8.55,7.96,7.73,7.64,8.5,7.64,8.35,7.62,5.75,7.63,7.53,1.0,1.0,1.0,1.0,8.0,10.0,15.0,F,LONDRINA,LONDRINA,NORMAL,1.33,0,0,0,0,0.9480599,0.05194011,0
1004715191,41033370.0,1987199,7.62,7.9,7.55,6.65,4.19,4.1,6.45,6.22,7.76,8.15,8.36,8.75,8.56,7.45,8.23,8.12,1.0,1.0,1.0,1.0,13.0,12.0,16.0,Não informado,LONDRINA,LONDRINA,CIV.MIL,0.23,1,0,0,0,0.9822667,0.01773329,0
1009548790,41019504.0,1862728,6.0,6.0,7.05,7.35,8.05,7.0,7.03,6.78,0.0,0.0,0.0,0.0,0.0,0.0,0.0,0.0,1.0,0.0,1.0,0.0,8.0,0.0,16.0,Não informado,LONDRINA,CENTENARIO DO SUL,NORMAL,7.82,1,0,0,0,0.99904424,0.0009557851,0
63226149,41100476.0,2003992,7.93,5.7,8.29,8.75,7.16,6.6,7.79,7.02,8.73,8.7,7.93,7.35,7.05,6.65,7.9,7.57,1.0,2.0,1.0,1.0,13.0,11.0,17.0,F,GUARAPUAVA,GUARAPUAVA,NORMAL,1.06,0,0,0,0,0.97182524,0.02817473,0
1010688643,41028570.0,1986141,6.12,6.4,7.27,5.45,6.82,6.9,6.73,6.25,6.85,6.25,6.5,6.0,7.67,6.05,7.01,6.1,1.0,1.0,1.0,1.0,8.0,10.0,16.0,Não informado,LONDRINA,CAMBE,CIV.MIL,6.63,0,0,0,0,0.9203068,0.079693206,0
1004299503,41029542.0,2025729,8.9,8.5,9.03,8.75,8.73,7.5,8.89,8.25,8.7,6.75,8.57,8.65,8.67,8.8,8.65,8.07,1.0,1.0,1.0,1.0,8.0,13.0,16.0,Não informado,LONDRINA,LONDRINA,NORMAL,0.68,0,0,0,0,0.99348336,0.006516621,0
1005080092,41143540.0,1980464,7.37,6.75,7.23,6.5,8.2,7.0,7.6,6.75,7.26,8.0,6.85,6.1,6.15,5.9,6.75,6.67,1.0,1.0,1.0,1.0,8.0,13.0,16.0,Não informado,LONDRINA,CAMBE,NORMAL,0.96,0,0,0,0,0.9684485,0.031551473,0
1005361962,41033370.0,1991810,7.55,8.2,7.62,8.0,7.17,7.55,7.44,7.92,7.13,5.45,3.96,2.7,3.67,4.45,4.92,4.2,1.0,1.0,1.0,1.0,8.0,9.0,16.0,Não informado,LONDRINA,LONDRINA,CIV.MIL,0.23,1,0,0,0,0.009332478,0.9906675,1
958955073,41100476.0,2006591,7.07,6.05,6.99,7.1,7.54,8.45,7.2,7.2,7.45,6.45,6.37,6.5,6.58,5.6,5.55,6.18,1.0,2.0,1.0,1.0,13.0,11.0,17.0,M,GUARAPUAVA,GUARAPUAVA,NORMAL,4.06,0,0,0,0,0.020515501,0.9794845,1
1004509664,41098838.0,1981070,6.51,6.7,6.72,6.05,6.64,6.9,6.62,6.55,7.42,6.67,7.6,6.97,7.2,7.2,7.41,6.94,1.0,2.0,1.0,1.0,13.0,9.0,17.0,M,GUARAPUAVA,GOIOXIM,NORMAL,7.82,0,0,0,0,0.96247876,0.037521254,0
1012573819,41099192.0,2014052,7.77,7.2,8.12,6.55,7.92,6.9,7.93,6.88,7.86,7.0,8.53,7.9,8.7,8.0,8.36,7.63,1.0,1.0,1.0,1.0,8.0,9.0,16.0,Não informado,,,,,0,0,0,0,0.990362,0.009637987,0
1013743190,41159586.0,1993565,8.65,8.2,8.18,8.65,8.65,8.65,8.49,8.5,7.93,6.95,9.36,7.15,9.34,7.5,8.88,7.2,1.0,1.0,1.0,1.0,8.0,9.0,14.0,M,LONDRINA,LONDRINA,CIV.MIL,3.84,0,0,0,0,0.99106353,0.0089364825,0
1015425985,41031237.0,1992318,6.53,5.8,7.32,6.55,7.13,7.15,6.99,6.5,7.11,7.25,7.1,8.2,6.72,6.7,6.98,7.38,1.0,1.0,1.0,1.0,8.0,10.0,14.0,F,LONDRINA,LONDRINA,NORMAL,7.82,0,0,0,0,0.98846936,0.011530627,0
1018381946,41031520.0,1996500,0.0,0.0,0.0,0.0,0.0,0.0,0.0,0.0,6.93,7.05,6.93,7.05,7.23,8.1,7.03,7.4,0.0,1.0,0.0,1.0,0.0,9.0,12.0,F,LONDRINA,LONDRINA,NORMAL,3.84,0,0,0,1,0.97019887,0.029801154,0
64702998,41029623.0,1990659,6.92,6.15,6.62,5.85,6.13,6.05,6.56,6.02,5.28,1.9,4.06,2.95,3.69,1.65,4.34,2.17,1.0,1.0,1.0,1.0,8.0,10.0,16.0,M,LONDRINA,LONDRINA,NORMAL,0.56,0,0,0,0,0.9158551,0.08414487,0
64923820,41032446.0,1992892,7.4,6.55,7.64,7.3,6.72,7.95,7.25,7.27,6.75,8.85,6.23,6.55,7.93,7.95,6.97,7.78,1.0,2.0,1.0,1.0,12.0,11.0,16.0,Não informado,LONDRINA,LONDRINA,NORMAL,1.74,1,0,0,0,0.04820925,0.95179075,1
1008759657,41033612.0,1982244,7.77,6.6,7.97,7.1,8.78,6.8,8.17,6.83,7.96,6.3,8.79,7.8,8.81,7.8,8.52,7.3,1.0,1.0,1.0,1.0,8.0,10.0,16.0,Não informado,LONDRINA,ROLANDIA,CIV.MIL,1.8,0,0,0,0,0.9931825,0.006817496,0
1008143745,41104234.0,1979077,8.67,6.75,7.6,7.25,8.03,6.7,8.1,6.9,8.26,8.75,7.88,6.65,7.75,6.8,7.96,7.4,1.0,1.0,1.0,1.0,8.0,10.0,13.0,M,GUARAPUAVA,RESERVA DO IGUACU,NORMAL,7.82,1,0,0,0,0.99557745,0.0044225585,0
1007959601,41100689.0,1998499,7.18,7.1,7.48,7.45,8.25,7.85,7.64,7.47,6.95,7.15,6.78,6.0,7.03,7.35,6.92,6.83,1.0,1.0,1.0,1.0,8.0,12.0,16.0,Não informado,GUARAPUAVA,GUARAPUAVA,NORMAL,0.82,0,0,0,0,0.98251045,0.017489575,0
9111461390,41033604.0,1870465,0.0,7.0,0.0,6.3,0.0,0.0,0.0,4.43,0.0,0.0,0.0,0.0,0.0,0.0,0.0,0.0,1.0,0.0,1.0,0.0,1.0,0.0,16.0,Não informado,LONDRINA,ROLANDIA,NORMAL,0.22,0,0,1,0,0.99800575,0.0019942648,0
1007195571,41029356.0,1987932,7.07,7.55,8.18,7.95,7.68,8.15,7.64,7.88,7.27,7.4,7.06,6.55,7.27,7.2,7.2,7.05,1.0,1.0,1.0,1.0,8.0,9.0,13.0,M,LONDRINA,IBIPORA,NORMAL,5.18,0,0,0,0,0.98687696,0.013123016,0
1016366427,41099508.0,1981226,0.0,0.0,0.0,0.0,0.0,0.0,0.0,0.0,7.09,8.05,7.04,7.95,7.37,6.9,7.17,7.63,0.0,1.0,0.0,1.0,0.0,9.0,12.0,F,GUARAPUAVA,GUARAPUAVA,NORMAL,1.34,0,0,0,1,0.9804545,0.01954551,0
1013187823,41356136.0,1979686,0.0,0.0,0.0,0.0,0.0,0.0,0.0,0.0,5.24,4.15,5.73,5.35,5.7,5.55,5.56,5.02,0.0,1.0,0.0,1.0,0.0,9.0,16.0,Não informado,,,,,0,0,0,1,0.4631716,0.5368284,1
1015114963,41597915.0,1978123,0.0,0.0,0.0,0.0,0.0,0.0,0.0,0.0,8.83,8.8,8.7,8.35,9.07,9.0,8.87,8.72,0.0,1.0,0.0,1.0,0.0,9.0,16.0,Não informado,LONDRINA,LONDRINA,NORMAL,7.82,0,0,0,1,0.9883509,0.011649096,0
1004381110,41033604.0,2014144,6.45,5.5,7.05,6.75,6.97,7.0,6.82,6.42,6.91,5.95,7.92,8.6,8.49,8.75,7.77,7.77,1.0,2.0,1.0,1.0,13.0,11.0,17.0,M,LONDRINA,ROLANDIA,NORMAL,7.82,0,0,0,0,0.9897347,0.010265297,0
1004898920,41029356.0,1989549,8.08,6.6,8.43,8.25,7.76,8.6,8.09,7.82,7.59,8.1,7.83,7.05,7.51,5.85,7.64,7.0,1.0,1.0,1.0,1.0,12.0,12.0,18.0,M,LONDRINA,IBIPORA,NORMAL,5.18,0,0,0,0,0.98139876,0.018601239,0
1007367380,41028570.0,1986330,7.78,7.4,7.5,6.1,7.15,6.85,7.48,6.78,6.86,6.65,7.19,6.1,7.49,7.7,7.18,6.82,1.0,1.0,1.0,1.0,8.0,10.0,14.0,M,LONDRINA,CAMBE,CIV.MIL,1.55,0,0,0,0,0.988482,0.011517998,0
478710925,41032489.0,1825175,4.35,4.0,3.73,1.05,0.67,0.5,2.92,1.85,0.0,0.0,0.0,0.0,0.0,0.0,0.0,0.0,1.0,0.0,1.0,0.0,8.0,0.0,16.0,Não informado,LONDRINA,LONDRINA,NORMAL,7.82,0,0,1,0,0.9986845,0.0013154959,0
1010872940,41020170.0,2025748,9.5,10.0,9.87,8.65,9.58,9.5,9.65,9.38,9.07,8.0,9.21,8.5,9.43,8.0,9.24,8.17,1.0,1.0,1.0,1.0,8.0,9.0,13.0,M,LONDRINA,JAGUAPITA,NORMAL,6.42,0,0,0,0,0.99356914,0.006430865,0
64762818,41030486.0,2029144,9.28,8.75,9.2,9.25,8.65,7.25,9.04,8.42,7.92,9.05,8.27,8.15,8.65,7.5,8.28,8.23,1.0,1.0,1.0,1.0,12.0,8.0,17.0,M,LONDRINA,LONDRINA,NORMAL,1.77,0,0,0,0,0.99200726,0.007992766,0
1023404962,41028570.0,1985882,7.7,6.7,7.43,6.2,5.98,6.2,7.04,6.37,5.79,6.5,6.64,7.4,6.9,6.25,6.44,6.72,1.0,1.0,1.0,1.0,8.0,9.0,16.0,Não informado,LONDRINA,CAMBE,CIV.MIL,6.63,0,0,0,0,0.9737112,0.026288817,0
1004796876,41031911.0,2015012,5.67,6.0,6.0,4.95,8.16,5.85,6.61,5.6,6.55,4.4,6.99,8.7,7.25,6.65,6.93,6.58,1.0,1.0,1.0,1.0,12.0,12.0,16.0,Não informado,LONDRINA,TAMARANA,NORMAL,7.82,0,0,0,0,0.0392555,0.9607445,1
1010650867,41029500.0,2007831,9.17,7.45,9.2,8.05,8.02,7.9,8.79,7.8,8.5,8.1,8.32,7.5,8.51,8.0,8.45,7.87,1.0,1.0,1.0,1.0,8.0,10.0,15.0,F,LONDRINA,LONDRINA,CIV.MIL,0.38,0,0,0,0,0.99365944,0.006340564,0
1006533970,41033817.0,2031928,8.55,8.15,7.33,7.6,7.6,7.85,7.83,7.87,8.43,9.35,7.63,8.6,6.81,6.5,7.62,8.15,1.0,1.0,1.0,1.0,8.0,13.0,16.0,F,LONDRINA,ROLANDIA,NORMAL,7.82,0,0,0,0,0.9338379,0.06616209,0
1002792253,41031911.0,2014992,7.13,7.8,6.79,6.1,6.95,7.9,6.96,7.27,6.89,5.8,6.52,5.95,7.56,7.65,6.99,6.47,1.0,1.0,1.0,1.0,12.0,12.0,19.0,F,LONDRINA,TAMARANA,NORMAL,7.82,0,0,0,0,0.8047364,0.1952636,0
959705704,41100379.0,1988091,7.13,5.8,5.88,5.95,8.12,8.0,7.04,6.58,8.07,7.15,8.35,7.8,8.42,8.1,8.28,7.68,1.0,1.0,1.0,1.0,12.0,8.0,17.0,F,GUARAPUAVA,GUARAPUAVA,NORMAL,3.74,0,0,0,0,0.9907689,0.009231062,0
1005574290,41032438.0,1843765,6.34,7.1,6.56,5.6,7.53,7.35,6.81,6.68,0.0,0.0,0.0,0.0,0.0,0.0,0.0,0.0,1.0,0.0,1.0,0.0,9.0,0.0,16.0,Não informado,LONDRINA,LONDRINA,NORMAL,7.82,1,0,0,0,0.99902695,0.0009730356,0
1007919740,41100476.0,1997956,8.28,7.25,7.75,7.85,7.22,6.45,7.75,7.18,8.93,8.5,7.85,8.5,5.54,6.6,7.44,7.87,1.0,1.0,1.0,1.0,8.0,13.0,15.0,M,GUARAPUAVA,GUARAPUAVA,NORMAL,7.33,0,0,0,0,0.9083891,0.0916109,0
1021983183,41028902.0,1987740,7.03,6.25,6.67,6.5,6.75,6.0,6.82,6.25,6.56,6.9,6.38,5.75,7.32,6.0,6.75,6.22,1.0,1.0,1.0,1.0,8.0,10.0,16.0,M,LONDRINA,CAMBE,NORMAL,3.84,0,0,0,0,0.86795694,0.13204306,0
64866117,41030460.0,2026144,6.83,6.0,0.0,5.7,8.22,5.45,5.02,5.72,6.86,5.6,7.29,8.0,0.99,1.35,5.04,4.98,1.0,1.0,1.0,1.0,8.0,9.0,16.0,Não informado,LONDRINA,LONDRINA,NORMAL,2.54,0,0,1,0,0.0043482184,0.9956518,1
1014543984,41031237.0,1992864,8.83,8.45,9.21,7.85,8.8,8.8,8.95,8.37,8.51,9.45,8.73,9.1,8.71,9.0,8.65,9.18,1.0,1.0,1.0,1.0,12.0,12.0,17.0,F,LONDRINA,LONDRINA,NORMAL,7.82,0,0,0,0,0.9927561,0.0072438973,0
1014960178,41033477.0,2009389,0.0,0.0,0.0,0.0,0.0,0.0,0.0,0.0,9.0,8.7,9.13,9.4,8.47,8.7,8.87,8.93,0.0,1.0,0.0,1.0,0.0,9.0,16.0,Não informado,LONDRINA,PITANGUEIRAS,NORMAL,7.82,0,0,0,1,0.98930865,0.010691335,0
1006551420,41144228.0,1991345,6.67,6.1,6.41,6.4,7.69,6.9,6.92,6.47,7.55,6.35,6.59,5.75,6.78,7.35,6.98,6.48,1.0,1.0,1.0,1.0,9.0,13.0,16.0,Não informado,GUARAPUAVA,GUARAPUAVA,NORMAL,0.19,0,0,0,0,0.1327281,0.8672719,1
1009810028,41104358.0,1994441,0.0,0.0,0.0,0.0,0.0,0.0,0.0,0.0,7.29,8.05,7.93,6.95,7.91,7.8,7.71,7.6,0.0,1.0,0.0,1.0,0.0,9.0,12.0,M,GUARAPUAVA,PINHAO,CAMPO,7.82,0,0,0,1,0.9826021,0.017397858,0
1009971684,41152760.0,1997440,6.32,6.35,7.65,6.5,7.22,7.9,7.06,6.92,8.2,7.6,7.58,6.9,7.69,7.65,7.82,7.38,1.0,1.0,1.0,1.0,8.0,10.0,14.0,F,GUARAPUAVA,GUARAPUAVA,NORMAL,1.69,0,0,0,0,0.9410362,0.058963772,0
1008120222,41100042.0,2013460,7.22,6.0,7.4,6.4,8.17,6.8,7.59,6.4,6.89,6.75,7.67,5.65,6.64,6.25,7.07,6.22,1.0,1.0,1.0,1.0,8.0,9.0,16.0,Não informado,GUARAPUAVA,GUARAPUAVA,NORMAL,0.41,0,0,0,0,0.98903304,0.010966971,0
595122627,41028430.0,1814987,9.53,9.75,8.94,9.15,9.45,9.45,9.31,9.45,0.0,0.0,0.0,0.0,0.0,0.0,0.0,0.0,1.0,0.0,1.0,0.0,12.0,0.0,16.0,Não informado,LONDRINA,CAMBE,CIV.MIL,1.87,0,0,0,0,0.9990097,0.0009902648,0
1009486174,41031237.0,1995771,7.8,9.6,8.13,7.85,7.97,8.85,7.97,8.77,8.31,8.35,8.73,8.9,8.7,7.95,8.58,8.4,1.0,1.0,1.0,1.0,12.0,12.0,18.0,M,LONDRINA,LONDRINA,NORMAL,6.23,0,0,0,0,0.9930839,0.006916134,0
1017728705,41031237.0,1821458,6.75,7.1,7.71,6.35,7.41,7.55,7.29,7.0,0.0,0.0,0.0,0.0,0.0,0.0,0.0,0.0,1.0,0.0,1.0,0.0,12.0,0.0,16.0,Não informado,LONDRINA,LONDRINA,NORMAL,5.15,0,0,0,0,0.9991757,0.0008242804,0
1012837409,41598040.0,1979926,7.5,6.65,6.8,6.0,7.72,6.3,7.34,6.32,7.07,6.75,7.03,6.7,7.49,7.1,7.2,6.85,1.0,1.0,1.0,1.0,8.0,9.0,16.0,Não informado,GUARAPUAVA,GUARAPUAVA,NORMAL,0.67,0,0,0,0,0.9602859,0.039714083,0
1010832973,41021592.0,1987965,9.0,10.0,9.15,9.5,9.08,9.8,9.08,9.77,9.5,9.5,9.91,10.0,9.97,10.0,9.8,9.83,1.0,1.0,1.0,1.0,8.0,9.0,13.0,M,LONDRINA,BELA VISTA DO PARAISO,CIV.MIL,7.14,0,0,0,0,0.9956059,0.004394109,0
326611301,41020073.0,1851880,6.98,6.25,6.54,5.5,6.63,4.75,6.72,5.5,0.0,0.0,0.0,0.0,0.0,0.0,0.0,0.0,1.0,0.0,1.0,0.0,12.0,0.0,16.0,Não informado,LONDRINA,JAGUAPITA,NORMAL,6.4,0,0,0,0,0.99913764,0.0008623594,0
1004607909,41100778.0,2023972,7.52,7.85,7.07,5.7,7.9,6.6,7.49,6.72,8.31,7.5,8.14,7.2,6.57,6.65,7.68,7.12,1.0,1.0,1.0,1.0,8.0,10.0,16.0,Não informado,GUARAPUAVA,GUARAPUAVA,CIV.MIL,2.34,0,0,0,0,0.9413466,0.058653407,0
1014764603,41163893.0,1995384,8.63,7.45,7.83,7.45,7.17,6.85,7.88,7.25,7.44,7.35,7.87,7.8,7.61,8.1,7.64,7.75,1.0,1.0,1.0,1.0,8.0,9.0,13.0,M,LONDRINA,LONDRINA,NORMAL,3.84,0,0,0,0,0.9888876,0.011112388,0
959706646,41100476.0,2003382,8.28,8.8,7.95,9.0,7.37,9.8,7.87,9.2,7.46,8.05,7.5,6.85,7.33,6.5,7.43,7.13,1.0,1.0,1.0,1.0,8.0,10.0,16.0,Não informado,GUARAPUAVA,GUARAPUAVA,NORMAL,1.06,0,0,0,0,0.9600766,0.039923437,0
9114462133,41033396.0,1852674,7.07,8.35,6.46,6.75,4.59,6.75,6.04,7.28,0.0,0.0,0.0,0.0,0.0,0.0,0.0,0.0,1.0,0.0,1.0,0.0,12.0,0.0,16.0,Não informado,LONDRINA,LONDRINA,NORMAL,7.82,1,0,0,0,0.99915135,0.00084866746,0
1006110092,41098153.0,2015524,7.38,9.0,8.37,8.15,8.7,8.3,8.15,8.48,9.13,9.05,9.18,7.8,9.09,9.25,9.13,8.7,1.0,1.0,1.0,1.0,8.0,12.0,15.0,F,GUARAPUAVA,CANDOI,NORMAL,7.82,0,0,0,0,0.9934849,0.006515069,0
74403220,41104439.0,1993243,6.54,7.6,7.39,6.35,8.12,8.6,7.35,7.52,8.2,6.9,6.7,5.95,7.22,5.65,7.37,6.17,1.0,1.0,1.0,1.0,11.0,11.0,17.0,F,GUARAPUAVA,PINHAO,NORMAL,7.82,1,0,0,0,0.955198,0.044801984,0
1004841863,41031970.0,2010767,6.59,7.5,7.39,7.7,8.06,7.2,7.35,7.47,6.52,7.95,7.42,7.0,7.62,7.35,7.18,7.43,1.0,1.0,1.0,1.0,12.0,8.0,17.0,M,LONDRINA,LONDRINA,CEEP,3.84,0,0,0,0,0.9862345,0.013765522,0
1004320693,41028406.0,2064938,8.24,8.2,8.08,7.55,7.05,6.8,7.79,7.52,8.11,7.97,7.48,9.15,6.95,8.1,7.51,8.41,1.0,2.0,1.0,1.0,13.0,9.0,17.0,M,LONDRINA,CAMBE,NORMAL,3.84,0,0,0,0,0.92624134,0.07375864,0
1005664116,41031148.0,1980677,7.03,6.0,7.37,6.75,6.83,6.0,7.08,6.25,6.92,6.5,6.81,6.0,7.89,8.35,7.21,6.95,1.0,1.0,1.0,1.0,8.0,10.0,16.0,Não informado,LONDRINA,LONDRINA,NORMAL,4.1,0,0,0,0,0.8897897,0.11021032,0
1020686347,41030486.0,1860312,8.28,6.85,7.67,8.05,7.47,7.95,7.81,7.62,0.0,0.0,0.0,0.0,0.0,0.0,0.0,0.0,1.0,0.0,1.0,0.0,8.0,0.0,16.0,Não informado,LONDRINA,LONDRINA,NORMAL,1.77,0,0,0,0,0.99907386,0.00092613936,0
1012041299,41163893.0,1995384,8.72,8.2,8.63,9.4,7.95,7.1,8.43,8.23,7.67,8.55,7.96,6.9,8.04,7.95,7.89,7.8,1.0,1.0,1.0,1.0,8.0,9.0,16.0,Não informado,,,,,0,0,0,0,0.9859393,0.014060696,0
1027054974,41020251.0,2033792,6.88,6.6,6.5,6.75,8.15,9.0,7.18,7.45,7.08,5.7,0.4,0.5,0.0,0.0,2.49,2.07,1.0,1.0,1.0,1.0,12.0,12.0,18.0,F,LONDRINA,LUPIONOPOLIS,NORMAL,3.11,1,0,0,0,0.0015928149,0.9984072,1
1008955588,41100042.0,2013472,7.77,4.95,7.07,5.9,6.8,6.0,7.21,5.62,7.04,6.2,6.2,5.4,5.97,7.3,6.4,6.3,1.0,1.0,1.0,1.0,8.0,10.0,16.0,Não informado,GUARAPUAVA,GUARAPUAVA,NORMAL,0.41,0,0,0,0,0.8863825,0.113617465,0
1012563945,41101057.0,2014246,5.47,5.7,6.33,5.05,7.08,5.85,6.29,5.53,6.86,5.55,7.34,6.5,7.07,7.65,7.09,6.57,1.0,1.0,1.0,1.0,8.0,9.0,13.0,M,GUARAPUAVA,GUARAPUAVA,CAMPO,7.82,0,1,0,0,0.99070156,0.009298472,0
1013914580,41031520.0,1996476,8.18,7.65,8.92,6.95,9.0,8.05,8.7,7.55,6.87,8.15,7.24,7.35,7.53,6.85,7.21,7.45,1.0,1.0,1.0,1.0,7.0,9.0,16.0,Não informado,LONDRINA,LONDRINA,NORMAL,7.48,0,0,0,0,0.9857414,0.014258639,0
1016129433,41358872.0,1995919,7.53,7.65,9.35,7.3,8.7,8.85,8.53,7.93,8.73,6.95,7.53,6.9,7.97,7.65,8.08,7.17,1.0,1.0,1.0,1.0,8.0,9.0,16.0,Não informado,LONDRINA,LONDRINA,NORMAL,0.69,0,0,0,0,0.99005914,0.00994089,0
64931377,41031237.0,1984055,7.82,6.8,7.93,7.0,7.42,6.55,7.72,6.78,8.03,7.85,7.14,6.95,7.53,6.6,7.57,7.13,1.0,1.0,1.0,1.0,8.0,9.0,13.0,M,LONDRINA,LONDRINA,NORMAL,0.7,0,0,0,0,0.9898487,0.010151351,0
1006356083,41019504.0,1934866,6.0,4.75,5.47,5.1,6.05,3.3,5.84,4.38,0.0,0.0,0.0,0.0,0.0,0.0,0.0,0.0,1.0,0.0,1.0,0.0,12.0,0.0,16.0,Não informado,LONDRINA,CENTENARIO DO SUL,NORMAL,7.82,0,1,0,0,0.99881506,0.001184917,0
1004324117,41029917.0,1999000,8.88,8.5,8.76,8.6,8.09,7.35,8.58,8.15,9.0,9.0,7.28,7.88,7.76,7.17,8.01,8.01,1.0,2.0,1.0,1.0,12.0,9.0,17.0,M,LONDRINA,LONDRINA,NORMAL,0.7,0,0,0,0,0.9069458,0.09305418,0
1008576730,41033817.0,1978036,0.0,0.0,0.0,0.0,0.0,0.0,0.0,0.0,7.61,7.15,7.17,6.95,7.31,7.0,7.37,7.03,0.0,1.0,0.0,1.0,0.0,9.0,16.0,Não informado,LONDRINA,ROLANDIA,NORMAL,1.45,0,0,0,1,0.9835364,0.016463552,0
1003876809,41098838.0,2129014,9.2,9.1,8.48,9.15,8.93,9.1,8.87,9.12,8.57,7.85,8.56,7.95,8.56,9.25,8.57,8.35,1.0,1.0,1.0,1.0,8.0,13.0,16.0,Não informado,GUARAPUAVA,GOIOXIM,NORMAL,7.82,0,0,0,0,0.08592796,0.91407204,1
9111501200,41033604.0,1964262,8.46,8.83,8.85,7.56,0.0,0.0,5.77,5.46,0.0,0.0,0.0,0.0,0.0,0.0,0.0,0.0,2.0,0.0,1.0,0.0,6.0,0.0,16.0,Não informado,LONDRINA,ROLANDIA,NORMAL,0.22,0,0,1,0,0.9971293,0.0028706978,0
1005148460,41101057.0,2014773,7.77,6.25,8.18,5.5,7.5,6.85,7.82,6.2,7.45,6.35,6.33,5.55,7.68,6.2,7.15,6.03,1.0,1.0,1.0,1.0,8.0,13.0,16.0,Não informado,GUARAPUAVA,GUARAPUAVA,CAMPO,4.7,0,0,0,0,0.979024,0.020976033,0
1005234740,41100476.0,1997977,6.12,7.85,7.0,5.75,5.83,5.4,6.32,6.33,6.11,5.2,6.48,4.8,6.85,5.95,6.48,5.32,1.0,1.0,1.0,1.0,8.0,13.0,16.0,M,GUARAPUAVA,GUARAPUAVA,NORMAL,4.7,0,0,0,0,0.9711494,0.028850589,0
1007547044,41029151.0,1987419,8.73,9.0,8.9,8.4,9.1,7.95,8.91,8.45,9.11,8.35,9.11,8.65,9.36,8.8,9.2,8.6,1.0,1.0,1.0,1.0,8.0,9.0,16.0,Não informado,LONDRINA,IBIPORA,CIV.MIL,4.61,0,0,0,0,0.9939648,0.006035188,0
1014815852,41033604.0,1989476,8.63,7.65,7.85,7.5,9.18,9.75,8.56,8.3,7.79,6.75,7.17,8.05,7.69,7.1,7.55,7.3,1.0,1.0,1.0,1.0,8.0,9.0,16.0,Não informado,LONDRINA,ROLANDIA,NORMAL,0.22,0,0,0,0,0.053352058,0.94664794,1
1011134641,41029712.0,2050161,6.97,7.0,7.48,7.0,8.03,7.35,7.49,7.12,7.17,7.0,7.33,7.55,7.81,7.2,7.44,7.25,1.0,1.0,1.0,1.0,8.0,10.0,14.0,F,LONDRINA,LONDRINA,NORMAL,3.84,0,0,0,0,0.9865859,0.013414078,0
1012986927,41100166.0,1982832,8.55,8.35,7.45,7.7,7.73,7.3,7.91,7.78,7.22,9.5,7.85,8.7,7.58,8.7,7.55,8.97,1.0,1.0,1.0,1.0,8.0,10.0,14.0,F,GUARAPUAVA,GUARAPUAVA,NORMAL,0.04,0,0,0,0,0.9581491,0.041850936,0
961752710,41031873.0,1993681,8.97,8.7,8.88,10.0,9.65,10.0,9.17,9.57,8.47,9.45,8.14,9.05,8.92,9.05,8.51,9.18,1.0,1.0,1.0,1.0,8.0,10.0,16.0,Não informado,LONDRINA,LONDRINA,NORMAL,7.15,0,0,0,0,0.9798612,0.020138781,0
477119158,41032683.0,2120385,6.65,5.55,6.93,6.0,6.85,4.95,6.81,5.5,7.88,7.3,6.56,3.35,7.13,7.75,7.19,6.13,1.0,2.0,1.0,1.0,12.0,11.0,18.0,F,LONDRINA,LONDRINA,NORMAL,3.84,0,0,0,0,0.016827226,0.9831728,1
1010935802,41029712.0,1977268,9.08,7.85,9.15,9.3,9.12,8.75,9.12,8.63,8.24,6.3,7.88,7.7,7.4,7.45,7.84,7.15,1.0,1.0,1.0,1.0,8.0,10.0,14.0,F,LONDRINA,LONDRINA,NORMAL,0.9,0,0,0,0,0.98478365,0.015216344,0
958857250,41098838.0,1981070,7.95,7.9,7.99,7.85,7.84,7.8,7.93,7.85,7.85,8.12,7.88,8.02,8.33,8.53,8.02,8.22,1.0,2.0,1.0,1.0,13.0,9.0,17.0,F,GUARAPUAVA,GOIOXIM,NORMAL,7.82,1,0,0,0,0.93015236,0.06984764,0
1005618645,41099940.0,1986114,6.95,7.5,7.76,7.5,7.05,6.95,7.25,7.32,8.11,7.23,7.8,7.52,7.05,8.17,7.65,7.64,1.0,2.0,1.0,1.0,13.0,9.0,17.0,M,GUARAPUAVA,GUARAPUAVA,NORMAL,0.49,0,0,0,0,0.94264466,0.057355344,0
1008366833,41033280.0,2006350,9.0,8.25,8.02,7.85,8.97,8.25,8.66,8.12,8.36,8.55,8.95,8.3,8.97,8.2,8.76,8.35,1.0,1.0,1.0,1.0,8.0,10.0,16.0,Não informado,LONDRINA,LONDRINA,CIV.MIL,1.34,0,0,0,0,0.9939599,0.0060401126,0
130911226,41144180.0,2146865,0.0,0.0,0.0,0.0,0.0,0.0,0.0,0.0,6.57,7.6,1.0,0.0,0.0,0.0,2.52,2.53,0.0,1.0,0.0,1.0,0.0,4.0,16.0,Não informado,GUARAPUAVA,GUARAPUAVA,CEEBJA,4.08,0,0,0,1,0.003565371,0.9964346,1
1003125196,41157087.0,2027373,0.0,0.0,0.0,0.0,0.0,0.0,0.0,0.0,0.0,0.0,0.0,0.0,0.0,0.0,0.0,0.0,0.0,1.0,0.0,1.0,0.0,11.0,18.0,F,LONDRINA,LONDRINA,NORMAL,7.82,0,0,0,1,0.96433246,0.035667513,0
1025422798,41029712.0,2148838,8.23,9.0,7.33,8.5,0.0,0.0,5.19,5.83,9.22,8.0,8.8,8.5,0.0,0.0,6.0,5.5,1.0,2.0,1.0,1.0,4.0,8.0,40.0,M,LONDRINA,LONDRINA,NORMAL,5.97,0,0,1,0,0.007989168,0.99201083,1
1023016482,41032683.0,2042945,8.25,5.8,8.25,6.6,9.2,8.9,8.57,7.1,6.77,7.85,8.04,6.45,8.64,7.45,7.82,7.25,1.0,1.0,1.0,1.0,8.0,11.0,16.0,Não informado,LONDRINA,LONDRINA,NORMAL,4.52,0,0,0,0,0.07983047,0.92016953,1
1003406810,41033477.0,2010069,6.95,7.4,6.56,8.05,8.41,9.05,7.31,8.17,7.37,6.75,8.07,8.3,7.68,6.9,7.71,7.32,1.0,2.0,1.0,1.0,13.0,11.0,17.0,M,LONDRINA,PITANGUEIRAS,NORMAL,7.82,0,0,0,0,0.97971004,0.02028995,0
1010381696,41098110.0,1978381,8.22,8.4,7.63,7.5,9.27,8.35,8.37,8.08,8.19,8.2,7.81,7.5,8.51,8.9,8.17,8.2,1.0,1.0,1.0,1.0,8.0,10.0,13.0,F,GUARAPUAVA,CANDOI,CAMPO,7.82,0,0,0,0,0.9879093,0.012090695,0
9111560568,41029402.0,1989539,6.56,6.0,7.13,6.4,7.09,6.25,6.92,6.22,5.44,6.1,6.65,7.35,2.31,1.5,4.8,4.98,1.0,1.0,1.0,1.0,9.0,13.0,18.0,M,LONDRINA,IBIPORA,NORMAL,3.8,1,0,0,0,0.002744317,0.9972557,1
1003306328,41152719.0,1979237,9.11,8.75,9.1,8.4,9.47,7.0,9.23,8.05,9.33,9.55,9.3,8.4,8.22,8.95,8.95,8.97,1.0,1.0,1.0,1.0,12.0,12.0,18.0,M,GUARAPUAVA,TURVO,NORMAL,7.82,0,0,0,0,0.9918114,0.008188628,0
1010889762,41030800.0,2003362,7.85,9.2,7.37,7.9,8.38,9.55,7.87,8.88,9.36,9.25,9.21,8.95,9.4,8.9,9.33,9.03,1.0,1.0,1.0,1.0,8.0,10.0,15.0,F,LONDRINA,LONDRINA,NORMAL,1.72,1,0,0,0,0.9923107,0.007689283,0
1010892410,41033558.0,2012203,6.47,6.05,6.55,8.45,7.6,9.35,6.87,7.95,6.88,7.2,7.21,7.25,7.75,8.05,7.28,7.5,1.0,1.0,1.0,1.0,8.0,10.0,14.0,F,LONDRINA,ROLANDIA,CIV.MIL,1.73,0,0,0,0,0.9818402,0.018159801,0
1013509502,41029712.0,1977246,7.18,6.35,7.07,6.65,7.4,7.4,7.22,6.8,6.54,5.75,6.16,6.45,6.5,6.5,6.4,6.23,1.0,1.0,1.0,1.0,8.0,9.0,16.0,Não informado,LONDRINA,LONDRINA,NORMAL,2.11,0,0,0,0,0.9645959,0.03540408,0
1025005666,41029445.0,1849061,7.08,6.95,5.58,3.25,2.8,3.35,5.15,4.52,0.0,0.0,0.0,0.0,0.0,0.0,0.0,0.0,1.0,0.0,1.0,0.0,13.0,0.0,16.0,Não informado,LONDRINA,IBIPORA,NORMAL,4.18,0,0,1,0,0.99885255,0.0011474774,0
1021909153,41357566.0,2128407,6.8,4.75,5.87,3.65,5.08,3.0,5.92,3.8,0.0,2.5,0.0,9.5,0.0,0.0,0.0,4.0,1.0,1.0,1.0,1.0,8.0,1.0,16.0,M,LONDRINA,LONDRINA,CEEBJA,6.72,0,0,1,0,0.015758753,0.98424125,1
1010776267,41032683.0,1981805,8.37,7.95,7.78,7.75,8.63,8.6,8.26,8.1,7.03,6.35,8.48,6.65,7.7,8.35,7.73,7.12,1.0,1.0,1.0,1.0,8.0,10.0,15.0,M,LONDRINA,LONDRINA,NORMAL,3.84,0,0,0,0,0.98837036,0.011629664,0
508916078,41104439.0,1987042,7.58,8.9,8.22,7.55,7.46,8.0,7.75,8.15,8.68,6.75,9.18,6.85,6.54,5.5,8.13,6.37,1.0,1.0,1.0,1.0,7.0,7.0,18.0,F,GUARAPUAVA,PINHAO,NORMAL,7.82,0,0,0,0,0.8892396,0.110760406,0
1024134276,41104730.0,1986531,9.32,9.0,9.2,9.45,9.72,9.45,9.41,9.3,9.86,10.0,9.79,10.0,9.96,10.0,9.87,10.0,1.0,1.0,1.0,1.0,8.0,10.0,15.0,M,GUARAPUAVA,PINHAO,NORMAL,7.82,0,0,0,0,0.99414545,0.0058545615,0
71196097,41028996.0,1980158,6.87,6.8,7.45,8.85,9.06,8.05,7.79,7.9,8.89,8.0,9.26,9.8,8.21,8.5,8.79,8.77,1.0,1.0,1.0,1.0,12.0,12.0,18.0,F,LONDRINA,CAMBE,CIV.MIL,3.84,0,0,0,0,0.98924446,0.010755522,0
1012563899,41355156.0,1982293,5.17,6.75,7.4,5.85,8.1,7.55,6.89,6.72,6.54,7.05,7.77,7.35,7.11,8.2,7.14,7.53,1.0,1.0,1.0,1.0,8.0,9.0,13.0,F,LONDRINA,LONDRINA,NORMAL,3.31,0,0,0,0,0.9743944,0.025605593,0
1022689572,41029100.0,1977407,0.0,0.0,0.0,0.0,0.0,0.0,0.0,0.0,7.66,8.5,8.66,9.35,8.78,7.5,8.36,8.45,0.0,1.0,0.0,1.0,0.0,11.0,16.0,Não informado,LONDRINA,CAMBE,NORMAL,1.21,0,0,0,1,0.98178005,0.018219931,0
9108183087,41021932.0,1978402,6.99,6.1,6.86,6.95,6.37,6.8,6.74,6.62,7.09,7.4,7.42,6.55,7.37,5.5,7.29,6.48,1.0,1.0,1.0,1.0,9.0,11.0,15.0,F,LONDRINA,PORECATU,NORMAL,1.68,0,0,0,0,0.99540454,0.004595469,0
956953669,41028430.0,1991901,6.98,8.55,7.12,7.85,7.43,6.05,7.18,7.48,6.81,6.25,7.12,6.25,7.66,7.05,7.2,6.52,1.0,1.0,1.0,1.0,8.0,10.0,15.0,F,LONDRINA,CAMBE,CIV.MIL,3.84,1,0,0,0,0.005482197,0.9945178,1
1010572483,41031873.0,2012442,7.58,6.65,6.98,6.5,7.12,6.8,7.23,6.65,6.85,6.75,7.3,6.9,7.53,5.75,7.23,6.47,1.0,1.0,1.0,1.0,8.0,10.0,16.0,Não informado,LONDRINA,LONDRINA,NORMAL,7.15,0,0,0,0,0.96814084,0.031859174,0
1010860730,41031911.0,2014752,6.17,6.2,6.22,6.75,6.63,6.45,6.34,6.47,5.58,5.75,6.28,5.0,4.33,1.5,5.39,4.08,1.0,1.0,1.0,1.0,8.0,10.0,15.0,M,LONDRINA,TAMARANA,NORMAL,7.82,0,0,0,0,0.006344259,0.99365574,1
1015155023,41029623.0,1989456,0.0,0.0,0.0,0.0,0.0,0.0,0.0,0.0,7.11,5.35,6.09,4.5,6.11,5.0,6.44,4.95,0.0,1.0,0.0,1.0,0.0,9.0,16.0,Não informado,LONDRINA,LONDRINA,NORMAL,0.62,0,0,0,1,0.9148347,0.08516532,0
1010970071,41030265.0,2012442,9.1,9.15,8.53,9.05,9.18,9.75,8.94,9.32,8.5,9.5,8.5,8.75,8.36,8.95,8.45,9.07,1.0,1.0,1.0,1.0,8.0,10.0,14.0,F,LONDRINA,LONDRINA,NORMAL,2.0,0,0,0,0,0.99227375,0.007726264,0
1015606246,41031318.0,2000379,9.2,9.15,9.13,9.45,9.03,9.55,9.12,9.38,8.41,8.55,8.69,9.35,8.44,9.3,8.51,9.07,1.0,1.0,1.0,1.0,8.0,10.0,15.0,M,LONDRINA,LONDRINA,INSTITUTO,3.84,0,0,0,0,0.99411416,0.0058858646,0
1009251525,41144201.0,2009134,6.02,8.05,6.97,4.9,7.0,7.05,6.66,6.67,6.38,5.5,6.88,5.5,7.61,7.75,6.95,6.25,1.0,1.0,1.0,1.0,8.0,10.0,16.0,Não informado,GUARAPUAVA,GUARAPUAVA,CAMPO,7.82,0,0,0,0,0.97463924,0.02536077,0
1023631330,41031059.0,2008445,7.33,6.8,6.49,6.85,7.69,5.6,7.17,6.42,7.84,6.8,6.94,6.25,7.09,6.35,7.29,6.47,1.0,1.0,1.0,1.0,12.0,12.0,18.0,F,LONDRINA,LONDRINA,NORMAL,3.84,0,0,0,0,0.9769276,0.02307243,0
923766839,41381580.0,2028554,8.23,8.85,8.5,8.3,7.84,5.65,8.19,7.6,7.28,6.7,7.72,7.75,7.44,7.5,7.48,7.32,1.0,1.0,1.0,1.0,12.0,12.0,18.0,F,LONDRINA,LONDRINA,NORMAL,0.69,0,0,0,0,0.9722474,0.027752606,0
950474335,41100379.0,1816762,7.93,6.1,7.21,6.8,6.46,7.25,7.2,6.72,0.0,0.0,0.0,0.0,0.0,0.0,0.0,0.0,1.0,0.0,1.0,0.0,12.0,0.0,16.0,Não informado,GUARAPUAVA,GUARAPUAVA,NORMAL,3.19,0,0,0,0,0.99903065,0.0009693728,0
1004874753,41020170.0,2114453,7.55,7.0,8.03,8.0,8.33,7.05,7.97,7.35,5.37,3.0,6.35,4.75,5.74,2.6,5.82,3.45,1.0,1.0,1.0,1.0,8.0,12.0,16.0,Não informado,LONDRINA,JAGUAPITA,NORMAL,6.42,1,0,0,0,0.24490291,0.7550971,1
926310763,41030125.0,1860783,6.48,6.5,7.28,6.8,6.39,5.85,6.72,6.38,0.0,0.0,0.0,0.0,0.0,0.0,0.0,0.0,1.0,0.0,1.0,0.0,12.0,0.0,16.0,Não informado,LONDRINA,LONDRINA,NORMAL,1.03,0,0,0,0,0.9990347,0.00096529926,0
1027397286,41033604.0,1989476,9.2,8.65,8.87,8.45,8.82,8.7,8.96,8.6,8.99,8.3,9.14,9.9,9.33,9.2,9.15,9.13,1.0,1.0,1.0,1.0,8.0,9.0,16.0,Não informado,LONDRINA,ROLANDIA,NORMAL,0.22,0,0,0,0,0.98621446,0.01378553,0
478608012,41406621.0,2019044,5.9,5.0,6.88,5.8,7.93,8.55,6.9,6.45,6.95,6.8,6.5,6.6,7.8,5.9,7.08,6.43,1.0,1.0,1.0,1.0,12.0,12.0,16.0,Não informado,LONDRINA,LONDRINA,NORMAL,7.21,0,0,0,0,0.94855356,0.051446453,0
1019549174,41033604.0,1989218,0.0,0.0,0.0,0.0,0.0,0.0,0.0,0.0,8.23,7.15,8.79,7.4,8.69,7.4,8.57,7.32,0.0,1.0,0.0,1.0,0.0,9.0,12.0,M,LONDRINA,ROLANDIA,NORMAL,0.73,0,0,0,1,0.96540827,0.03459175,0
1007108660,41021100.0,1986570,7.85,7.85,8.95,8.15,7.97,9.0,8.26,8.33,8.41,8.5,8.12,7.85,8.24,7.25,8.26,7.87,1.0,1.0,1.0,1.0,8.0,10.0,16.0,F,LONDRINA,ALVORADA DO SUL,NORMAL,5.58,0,0,0,0,0.98903036,0.010969662,0
1002270869,41098153.0,2015524,7.28,6.3,6.53,6.05,7.4,7.7,7.07,6.68,6.67,6.5,7.19,7.25,7.78,7.5,7.21,7.08,1.0,1.0,1.0,1.0,8.0,12.0,18.0,M,GUARAPUAVA,CANDOI,NORMAL,7.82,0,0,0,0,0.98460835,0.015391669,0
9111562510,41033302.0,2115828,7.03,7.0,8.02,6.7,7.87,7.15,7.64,6.95,7.24,8.15,8.62,8.0,8.38,8.8,8.08,8.32,1.0,1.0,1.0,1.0,8.0,13.0,16.0,F,LONDRINA,LONDRINA,NORMAL,0.92,0,0,0,0,0.98803103,0.011968962,0
74914047,41029445.0,1995370,7.55,6.55,7.57,6.35,7.55,6.95,7.56,6.62,6.8,6.3,7.39,6.7,6.31,6.5,6.83,6.5,1.0,1.0,1.0,1.0,8.0,9.0,16.0,Não informado,LONDRINA,IBIPORA,NORMAL,4.18,0,0,0,0,0.9837207,0.01627926,0
1004482081,41033302.0,2004005,0.0,0.0,0.0,0.0,0.0,0.0,0.0,0.0,5.64,6.45,5.83,4.65,7.0,5.0,6.16,5.37,0.0,1.0,0.0,1.0,0.0,11.0,16.0,Não informado,LONDRINA,LONDRINA,NORMAL,4.02,0,0,0,1,0.02494657,0.97505343,1
1016969334,41129490.0,2010536,8.5,9.3,7.97,7.55,8.33,8.85,8.27,8.57,7.61,7.0,7.51,7.85,8.12,8.35,7.75,7.73,1.0,1.0,1.0,1.0,8.0,10.0,16.0,Não informado,,,,,0,0,0,0,0.9375604,0.062439602,0
1006482275,41030800.0,2003363,8.08,7.95,8.83,7.8,8.8,7.2,8.57,7.65,8.08,7.95,8.95,8.85,7.45,7.8,8.16,8.2,1.0,1.0,1.0,1.0,8.0,13.0,16.0,Não informado,LONDRINA,LONDRINA,NORMAL,5.8,0,0,0,0,0.9874432,0.012556816,0
990328838,41357566.0,2057496,8.63,7.61,8.39,8.06,0.0,0.0,5.67,5.22,9.0,0.0,9.53,0.0,0.0,0.0,6.18,0.0,2.0,1.0,1.0,1.0,9.0,3.0,74.0,F,LONDRINA,LONDRINA,CEEBJA,5.16,0,0,1,0,0.002929628,0.9970704,1
1009320390,41033434.0,1986619,0.0,0.0,0.0,0.0,0.0,0.0,0.0,0.0,8.09,9.4,6.69,8.2,7.34,8.7,7.37,8.77,0.0,1.0,0.0,1.0,0.0,11.0,16.0,Não informado,LONDRINA,LONDRINA,NORMAL,0.68,0,0,0,1,0.03916943,0.96083057,1
1018200984,41031520.0,2030992,0.0,0.0,0.0,0.0,0.0,0.0,0.0,0.0,8.06,8.05,7.88,7.3,8.72,6.65,8.22,7.33,1.0,1.0,1.0,1.0,7.0,7.0,16.0,Não informado,LONDRINA,LONDRINA,NORMAL,7.48,0,1,0,0,0.9881758,0.011824167,0
1007050590,41100476.0,1997917,7.15,6.85,8.48,7.5,7.05,6.95,7.56,7.1,7.67,6.0,7.13,7.15,6.59,5.55,7.13,6.23,1.0,1.0,1.0,1.0,8.0,13.0,16.0,Não informado,GUARAPUAVA,GUARAPUAVA,NORMAL,1.06,0,0,0,0,0.98330146,0.016698541,0
1014300410,41100816.0,2003513,0.0,0.0,0.0,0.0,0.0,0.0,0.0,0.0,6.59,5.75,7.71,5.9,7.2,6.95,7.17,6.2,0.0,1.0,0.0,1.0,0.0,9.0,12.0,F,GUARAPUAVA,GUARAPUAVA,CIV.MIL,2.19,0,0,0,1,0.98035383,0.019646145,0
1025772330,41032853.0,2008843,8.29,8.5,7.23,6.6,5.99,6.35,7.17,7.15,5.82,6.25,6.45,6.8,6.67,6.0,6.31,6.35,1.0,2.0,1.0,1.0,13.0,9.0,17.0,F,LONDRINA,LONDRINA,NORMAL,3.84,1,0,0,0,0.57434505,0.42565495,1
1022704423,41028716.0,1991670,7.26,7.85,6.87,6.6,7.44,6.85,7.19,7.1,7.77,7.2,7.83,8.05,8.33,7.05,7.98,7.43,1.0,1.0,1.0,1.0,9.0,11.0,16.0,Não informado,LONDRINA,CAMBE,NORMAL,2.73,0,0,0,0,0.9575138,0.042486172,0
1025231003,41099958.0,1987380,4.61,3.4,5.25,6.8,5.05,8.7,4.97,6.3,6.39,6.75,6.49,6.0,8.29,7.9,7.06,6.88,1.0,1.0,1.0,1.0,13.0,13.0,18.0,F,GUARAPUAVA,GUARAPUAVA,NORMAL,1.71,0,0,1,0,0.020553827,0.9794462,1
923563016,41029445.0,2058900,8.51,7.25,6.75,4.55,6.7,7.75,7.32,6.52,7.39,8.05,6.66,7.35,7.46,5.95,7.17,7.12,1.0,2.0,1.0,1.0,13.0,11.0,17.0,F,LONDRINA,IBIPORA,NORMAL,4.18,1,0,0,0,0.93686145,0.06313855,0
1006744750,41388755.0,2026447,7.4,3.9,6.92,6.25,8.09,8.2,7.47,6.12,8.08,7.55,7.49,7.07,8.02,7.73,7.87,7.45,1.0,2.0,1.0,1.0,13.0,9.0,16.0,M,GUARAPUAVA,PINHAO,CAMPO,7.82,0,0,0,0,0.96668303,0.033316966,0
1013218184,41030486.0,2025224,7.0,6.25,7.12,7.75,6.68,6.0,6.93,6.67,6.71,6.55,6.91,6.1,6.91,6.45,6.85,6.37,1.0,1.0,1.0,1.0,8.0,10.0,14.0,F,LONDRINA,LONDRINA,NORMAL,4.02,0,0,0,0,0.979216,0.02078402,0
1010528425,41033817.0,1981846,8.65,8.95,8.45,8.75,7.78,7.35,8.29,8.35,8.15,6.8,8.47,7.3,8.26,7.5,8.3,7.2,1.0,1.0,1.0,1.0,8.0,10.0,16.0,Não informado,LONDRINA,ROLANDIA,NORMAL,1.45,0,0,0,0,0.9937164,0.0062835845,0
1015140050,41021983.0,1982333,0.0,0.0,0.0,0.0,0.0,0.0,0.0,0.0,7.99,8.2,6.9,6.9,7.87,7.55,7.59,7.55,0.0,1.0,0.0,1.0,0.0,9.0,16.0,Não informado,LONDRINA,PORECATU,NORMAL,1.93,0,0,0,1,0.96814865,0.031851333,0
1011017815,41100166.0,1982852,7.12,6.45,7.68,7.25,8.55,7.9,7.78,7.2,6.82,8.75,7.15,7.25,7.57,6.3,7.18,7.43,1.0,1.0,1.0,1.0,8.0,10.0,14.0,M,GUARAPUAVA,GUARAPUAVA,NORMAL,0.76,0,0,0,0,0.98855364,0.011446353,0
1006843529,41021100.0,1986368,0.0,0.0,0.0,0.0,0.0,0.0,0.0,0.0,9.5,9.55,9.2,10.0,9.62,10.0,9.44,9.85,0.0,1.0,0.0,1.0,0.0,10.0,16.0,Não informado,LONDRINA,ALVORADA DO SUL,NORMAL,5.58,0,0,0,1,0.97628725,0.023712724,0
1013115466,41032438.0,1994913,7.13,8.05,6.83,8.1,7.19,7.25,7.05,7.8,7.49,7.0,7.69,7.25,7.77,7.55,7.65,7.27,1.0,1.0,1.0,1.0,9.0,11.0,16.0,Não informado,LONDRINA,LONDRINA,NORMAL,7.82,0,0,0,0,0.9525586,0.047441408,0
1009141037,41029143.0,2053414,0.0,0.0,0.0,0.0,0.0,0.0,0.0,0.0,8.3,7.05,8.11,7.8,9.03,8.45,8.48,7.77,0.0,1.0,0.0,1.0,0.0,9.0,16.0,Não informado,LONDRINA,IBIPORA,NORMAL,5.78,0,0,0,1,0.9859881,0.014011937,0
73060591,41374061.0,1978800,8.07,6.65,8.03,7.65,7.26,6.3,7.79,6.87,8.45,8.05,8.73,8.65,6.45,5.3,7.88,7.33,1.0,1.0,1.0,1.0,9.0,10.0,18.0,F,GUARAPUAVA,GUARAPUAVA,AGRÍCOLA,7.82,0,0,0,0,0.9725167,0.027483286,0
1020029273,41159594.0,2005073,7.57,7.6,8.2,8.65,7.65,8.0,7.81,8.08,7.22,6.65,7.0,6.2,7.47,8.25,7.23,7.03,1.0,1.0,1.0,1.0,8.0,10.0,16.0,M,LONDRINA,LONDRINA,POL.MIL,3.84,0,0,0,0,0.986575,0.013424986,0
1012265812,41031709.0,1995595,8.45,8.45,8.87,8.0,8.65,9.25,8.66,8.57,9.01,7.9,8.83,7.8,8.41,7.85,8.75,7.85,1.0,1.0,1.0,1.0,8.0,9.0,16.0,Não informado,LONDRINA,LONDRINA,NORMAL,2.66,0,0,0,0,0.99482006,0.0051799472,0
1014104689,41356136.0,1979980,0.0,0.0,0.0,0.0,0.0,0.0,0.0,0.0,7.29,6.75,7.07,6.5,6.83,6.25,7.06,6.5,0.0,1.0,0.0,1.0,0.0,9.0,12.0,F,LONDRINA,LONDRINA,NORMAL,0.8,0,0,0,1,0.9699342,0.030065784,0
823205937,41029445.0,1923491,8.18,8.65,7.8,8.3,2.82,3.0,6.27,6.65,0.0,0.0,0.0,0.0,0.0,0.0,0.0,0.0,1.0,0.0,1.0,0.0,13.0,0.0,16.0,Não informado,LONDRINA,IBIPORA,NORMAL,4.18,1,0,0,0,0.9991057,0.00089430495,0
1004278743,41029917.0,1998931,7.03,8.0,7.93,8.25,8.35,7.15,7.77,7.8,8.54,8.3,8.38,8.15,8.65,6.25,8.53,7.57,1.0,2.0,1.0,1.0,13.0,11.0,17.0,F,LONDRINA,LONDRINA,NORMAL,1.16,0,0,0,0,0.98575807,0.014241951,0
9111544813,41029151.0,1991336,6.57,6.6,6.1,7.0,7.67,6.35,6.78,6.65,6.98,9.5,8.01,8.45,6.8,9.5,7.26,9.15,1.0,1.0,1.0,1.0,8.0,13.0,16.0,M,LONDRINA,IBIPORA,CIV.MIL,4.61,0,0,0,0,0.92204475,0.07795525,0
1011145112,41144244.0,1984270,8.82,8.85,9.3,9.4,9.35,8.75,9.16,9.0,8.89,7.4,8.79,8.25,8.57,7.9,8.75,7.85,1.0,1.0,1.0,1.0,8.0,10.0,13.0,M,GUARAPUAVA,GUARAPUAVA,NORMAL,7.82,0,0,0,0,0.97811884,0.021881157,0
1012821758,41377575.0,1982495,0.0,0.0,0.0,0.0,0.0,0.0,0.0,0.0,7.81,7.55,8.59,6.6,8.71,6.75,8.37,6.97,0.0,1.0,0.0,1.0,0.0,9.0,16.0,Não informado,LONDRINA,LONDRINA,NORMAL,7.82,0,0,0,1,0.98613447,0.013865513,0
1004820203,41597915.0,1978572,8.59,7.1,8.35,9.0,8.93,7.95,8.62,8.02,8.55,7.05,8.84,7.4,8.74,8.3,8.71,7.58,1.0,2.0,1.0,1.0,13.0,11.0,16.0,F,LONDRINA,LONDRINA,NORMAL,7.82,0,0,0,0,0.9735506,0.0264494,0
1013382979,41030478.0,2095406,0.0,0.0,0.0,0.0,0.0,0.0,0.0,0.0,6.29,5.75,6.43,6.45,7.71,6.75,6.81,6.32,0.0,1.0,0.0,1.0,0.0,9.0,13.0,M,LONDRINA,LONDRINA,NORMAL,3.84,0,0,0,1,0.95221806,0.047781944,0
1020045899,41031857.0,1995924,8.15,8.2,8.12,8.15,7.1,9.0,7.79,8.45,8.55,8.6,8.7,7.9,9.02,8.8,8.76,8.43,1.0,1.0,1.0,1.0,8.0,13.0,17.0,F,LONDRINA,LONDRINA,NORMAL,0.58,1,0,0,0,0.99218756,0.007812463,0
1006449936,41100689.0,1999811,0.0,0.0,0.0,0.0,0.0,0.0,0.0,0.0,7.14,7.18,6.84,7.4,6.25,7.7,6.74,7.43,0.0,2.0,0.0,1.0,0.0,9.0,16.0,M,GUARAPUAVA,GUARAPUAVA,NORMAL,1.32,0,0,0,1,0.74339586,0.25660413,0
1010472519,41019504.0,2040577,7.98,7.1,8.52,7.1,8.08,8.35,8.19,7.52,8.29,6.35,8.83,8.0,8.32,7.0,8.48,7.12,1.0,1.0,1.0,1.0,8.0,11.0,16.0,Não informado,LONDRINA,CENTENARIO DO SUL,NORMAL,7.82,0,0,0,0,0.99316293,0.0068370714,0
594816501,41028988.0,1849458,7.33,7.0,5.75,6.0,7.33,6.65,6.8,6.55,0.0,0.0,0.0,0.0,0.0,0.0,0.0,0.0,1.0,0.0,1.0,0.0,12.0,0.0,16.0,Não informado,LONDRINA,CAMBE,NORMAL,1.71,1,0,0,0,0.9990659,0.0009341224,0
1009995516,41100689.0,2057392,7.12,7.5,7.48,7.35,7.6,8.5,7.4,7.78,7.79,8.35,8.52,8.55,8.01,8.9,8.11,8.6,1.0,1.0,1.0,1.0,8.0,10.0,14.0,F,GUARAPUAVA,GUARAPUAVA,NORMAL,2.37,0,0,0,0,0.99074256,0.009257445,0
1013346689,41033280.0,2117586,6.98,6.2,7.25,6.5,7.33,8.55,7.19,7.08,8.01,8.25,7.16,8.25,6.24,6.65,7.14,7.72,1.0,1.0,1.0,1.0,8.0,10.0,16.0,Não informado,LONDRINA,LONDRINA,CIV.MIL,1.34,0,0,0,0,0.9189594,0.08104059,0
1004289745,41100379.0,1984183,7.86,6.8,8.51,8.6,8.53,7.7,8.3,7.7,8.38,7.9,7.9,7.18,6.42,7.68,7.56,7.59,1.0,2.0,1.0,1.0,13.0,9.0,17.0,M,GUARAPUAVA,GUARAPUAVA,NORMAL,0.96,0,0,0,0,0.91821533,0.08178465,0
1014500312,41020251.0,2058466,6.32,6.55,6.27,6.05,7.25,6.55,6.62,6.38,5.8,6.18,6.27,4.77,0.91,2.0,4.33,3.87,1.0,2.0,1.0,1.0,13.0,9.0,18.0,M,LONDRINA,LUPIONOPOLIS,NORMAL,3.11,0,0,0,0,0.0080145,0.9919855,1
1006807336,41031946.0,2013697,7.42,6.95,7.58,6.0,7.55,6.05,7.52,6.33,6.77,6.3,7.05,6.1,6.81,8.85,6.88,7.08,1.0,1.0,1.0,1.0,8.0,13.0,16.0,Não informado,LONDRINA,LONDRINA,NORMAL,2.21,0,0,0,0,0.97333026,0.026669769,0
1006048672,41098110.0,1978702,8.42,9.1,7.45,9.2,8.38,9.35,8.08,9.22,8.14,8.75,8.22,8.95,8.67,8.15,8.34,8.62,1.0,1.0,1.0,1.0,8.0,13.0,15.0,F,GUARAPUAVA,CANDOI,CAMPO,7.82,0,0,0,0,0.98951065,0.010489317,0
1006518172,41031237.0,1999733,5.67,5.5,5.69,6.0,5.75,6.5,5.71,6.0,6.65,7.85,6.3,6.78,7.79,5.52,6.91,6.72,1.0,2.0,1.0,1.0,13.0,9.0,17.0,M,LONDRINA,LONDRINA,NORMAL,3.84,0,1,0,0,0.89084035,0.10915963,0
1014940878,41031750.0,1991662,0.0,0.0,0.0,0.0,0.0,0.0,0.0,0.0,6.94,6.85,7.74,7.25,7.01,7.0,7.23,7.03,0.0,1.0,0.0,1.0,0.0,9.0,16.0,Não informado,LONDRINA,LONDRINA,NORMAL,1.18,0,0,0,1,0.98197156,0.01802843,0
476225965,41031750.0,1992471,0.0,0.0,0.0,0.0,0.0,0.0,0.0,0.0,4.45,2.75,3.73,4.2,0.64,0.1,2.94,2.35,0.0,1.0,0.0,1.0,0.0,10.0,16.0,Não informado,LONDRINA,LONDRINA,NORMAL,1.18,0,0,0,1,0.005016446,0.99498355,1
958804709,41098200.0,1859043,8.98,9.55,9.56,8.95,9.09,8.75,9.21,9.08,0.0,0.0,0.0,0.0,0.0,0.0,0.0,0.0,1.0,0.0,1.0,0.0,11.0,0.0,16.0,Não informado,GUARAPUAVA,FOZ DO JORDAO,NORMAL,7.82,0,0,0,0,0.99913555,0.00086445967,0
1003492164,41101057.0,2014375,5.67,6.2,7.5,6.8,7.12,7.0,6.76,6.67,6.45,6.0,6.64,6.0,6.76,6.25,6.62,6.08,1.0,1.0,1.0,1.0,8.0,10.0,15.0,F,GUARAPUAVA,GUARAPUAVA,CAMPO,4.24,0,0,0,0,0.9641656,0.035834372,0
1006279011,41019504.0,2040595,6.63,6.05,6.53,6.85,6.73,6.75,6.63,6.55,6.82,6.25,6.92,7.4,7.62,7.25,7.12,6.97,1.0,1.0,1.0,1.0,8.0,11.0,16.0,M,LONDRINA,CENTENARIO DO SUL,NORMAL,5.1,0,0,0,0,0.9841785,0.015821526,0
959208093,41099940.0,1820368,5.6,5.55,6.85,6.05,8.48,8.8,6.98,6.8,0.0,0.0,0.0,0.0,0.0,0.0,0.0,0.0,1.0,0.0,1.0,0.0,12.0,0.0,16.0,Não informado,GUARAPUAVA,GUARAPUAVA,NORMAL,1.55,1,0,0,0,0.9988764,0.001123633,0
1004417921,41143540.0,2012638,0.0,0.0,0.0,0.0,0.0,0.0,0.0,0.0,8.63,8.5,8.41,8.2,8.31,7.85,8.45,8.18,0.0,1.0,0.0,1.0,0.0,9.0,16.0,Não informado,LONDRINA,CAMBE,NORMAL,0.96,0,0,0,1,0.99150217,0.008497861,0
1002857452,41106628.0,1994535,8.42,8.15,8.38,8.35,7.63,8.25,8.14,8.25,7.56,7.3,7.33,6.45,8.26,8.15,7.71,7.3,1.0,1.0,1.0,1.0,8.0,9.0,16.0,Não informado,GUARAPUAVA,TURVO,CIV.MIL,7.82,0,0,0,0,0.94995326,0.050046768,0
1008873476,41032241.0,1977240,8.42,7.4,5.35,3.65,5.65,3.65,6.47,4.9,6.22,4.9,4.74,1.85,4.21,2.65,5.06,3.13,1.0,1.0,1.0,1.0,8.0,10.0,16.0,Não informado,LONDRINA,LONDRINA,NORMAL,7.82,0,0,1,0,0.0076268315,0.99237317,1
1005087283,41104730.0,1986989,7.13,7.25,7.48,5.75,6.88,7.9,7.17,6.97,4.44,5.4,6.58,6.5,6.93,6.5,5.98,6.13,1.0,1.0,1.0,1.0,8.0,13.0,16.0,M,GUARAPUAVA,PINHAO,NORMAL,7.82,0,0,0,0,0.002911806,0.9970882,1
989040685,41357566.0,2057511,8.0,8.0,9.65,9.4,0.0,0.0,5.88,5.8,8.0,0.0,9.03,0.0,0.0,0.0,5.68,0.0,1.0,1.0,1.0,1.0,3.0,3.0,68.0,M,LONDRINA,LONDRINA,CEEBJA,4.59,0,0,1,0,0.0026331544,0.99736685,1
1025582914,41032446.0,1986998,7.48,7.15,7.87,5.9,7.42,6.75,7.59,6.6,6.38,5.85,6.33,6.0,5.33,6.1,6.01,5.98,1.0,1.0,1.0,1.0,8.0,10.0,14.0,F,LONDRINA,LONDRINA,NORMAL,3.84,0,0,0,0,0.003220141,0.99677986,1
1024471744,41355156.0,1982325,6.0,6.4,6.92,5.1,7.15,7.55,6.69,6.35,4.63,6.35,7.64,4.75,7.88,7.7,6.72,6.27,1.0,1.0,1.0,1.0,12.0,12.0,18.0,M,LONDRINA,LONDRINA,NORMAL,1.83,0,0,0,0,0.5422916,0.45770842,1
901808554,41032225.0,1836063,8.47,6.6,8.68,9.7,9.05,8.55,8.73,8.28,0.0,0.0,0.0,0.0,0.0,0.0,0.0,0.0,1.0,0.0,1.0,0.0,12.0,0.0,16.0,Não informado,LONDRINA,LONDRINA,NORMAL,2.11,0,0,0,0,0.99914414,0.0008558435,0
313322009,41033604.0,2059852,7.5,7.7,7.83,7.4,0.0,0.0,5.11,5.03,6.33,0.0,7.87,0.0,0.0,0.0,4.73,0.0,1.0,1.0,1.0,1.0,4.0,3.0,20.0,F,LONDRINA,ROLANDIA,NORMAL,2.06,0,0,1,0,0.0034283996,0.9965716,1
1003243679,41028996.0,1842584,7.32,6.65,7.5,8.35,7.58,8.25,7.47,7.75,0.0,0.0,0.0,0.0,0.0,0.0,0.0,0.0,1.0,0.0,1.0,0.0,8.0,0.0,16.0,Não informado,LONDRINA,CAMBE,CIV.MIL,1.68,0,0,0,0,0.9990343,0.0009657228,0
1014812292,41031709.0,1995424,0.0,0.0,0.0,0.0,0.0,0.0,0.0,0.0,8.3,7.7,8.23,8.8,8.07,8.0,8.2,8.17,0.0,1.0,0.0,1.0,0.0,9.0,16.0,Não informado,LONDRINA,LONDRINA,NORMAL,2.66,0,0,0,1,0.9915443,0.008455705,0
1005764536,41029500.0,2008093,7.57,6.2,6.75,6.4,7.02,6.8,7.11,6.47,6.65,6.75,7.08,7.95,6.53,7.65,6.75,7.45,1.0,1.0,1.0,1.0,8.0,13.0,16.0,M,LONDRINA,LONDRINA,CIV.MIL,4.76,0,0,0,0,0.8968881,0.10311191,0
1004134857,41020251.0,2023601,6.68,8.25,6.85,7.85,7.62,6.4,7.05,7.5,7.59,7.6,7.36,7.7,8.03,7.35,7.66,7.55,1.0,1.0,1.0,1.0,8.0,9.0,12.0,M,LONDRINA,LUPIONOPOLIS,NORMAL,3.11,0,0,0,0,0.9547294,0.045270596,0
1006903408,41152913.0,1994300,8.52,9.0,9.05,8.95,8.85,8.75,8.81,8.9,8.25,8.4,8.62,9.3,8.45,9.0,8.44,8.9,1.0,1.0,1.0,1.0,8.0,10.0,15.0,M,LONDRINA,ROLANDIA,CIV.MIL,1.12,0,0,0,0,0.99332595,0.0066740788,0
1021656026,41029356.0,1992680,9.0,9.75,8.84,8.85,9.15,10.0,8.99,9.53,8.62,8.83,8.0,8.22,8.32,8.2,8.32,8.42,1.0,2.0,1.0,1.0,13.0,9.0,16.0,Não informado,LONDRINA,IBIPORA,NORMAL,5.18,0,0,0,0,0.95710963,0.042890385,0
1007071406,41101057.0,2014408,7.55,6.1,7.53,8.05,6.7,7.25,7.26,7.13,7.0,5.95,7.57,6.7,6.96,6.25,7.18,6.3,1.0,1.0,1.0,1.0,8.0,10.0,16.0,Não informado,GUARAPUAVA,GUARAPUAVA,CAMPO,4.7,1,0,0,0,0.982687,0.017313002,0
313324559,41033558.0,1844149,7.08,7.2,7.62,6.5,7.81,7.3,7.5,7.0,0.0,0.0,0.0,0.0,0.0,0.0,0.0,0.0,1.0,0.0,1.0,0.0,12.0,0.0,16.0,Não informado,LONDRINA,ROLANDIA,CIV.MIL,7.82,0,0,0,0,0.9990378,0.0009621798,0
9113001302,41033604.0,2053674,0.0,0.0,0.0,0.0,0.0,0.0,0.0,0.0,6.5,6.0,2.0,0.0,0.0,0.0,2.83,2.0,0.0,1.0,0.0,1.0,0.0,2.0,17.0,M,LONDRINA,ROLANDIA,NORMAL,7.82,0,0,0,1,0.0028415322,0.99715847,1
871527016,41032446.0,1824395,7.2,7.9,8.1,6.25,6.6,7.65,7.3,7.27,0.0,0.0,0.0,0.0,0.0,0.0,0.0,0.0,1.0,0.0,1.0,0.0,12.0,0.0,16.0,Não informado,LONDRINA,LONDRINA,NORMAL,1.74,0,0,0,0,0.9991046,0.0008953917,0
1008843534,41033280.0,2006350,8.72,6.8,8.17,7.25,8.57,9.15,8.48,7.73,7.61,7.7,7.81,6.8,8.15,6.85,7.86,7.12,1.0,1.0,1.0,1.0,8.0,10.0,15.0,F,LONDRINA,LONDRINA,CIV.MIL,2.12,0,0,0,0,0.98737585,0.0126241185,0
1015053492,41146042.0,1978867,0.0,0.0,0.0,0.0,0.0,0.0,0.0,0.0,9.1,9.6,9.3,9.6,9.29,9.4,9.23,9.53,0.0,1.0,0.0,1.0,0.0,9.0,12.0,M,LONDRINA,LONDRINA,NORMAL,3.84,0,0,0,1,0.9790642,0.020935766,0
1014142041,41029356.0,1988171,8.37,9.0,8.93,9.1,9.32,9.6,8.87,9.23,8.44,9.4,8.57,7.4,9.06,9.35,8.69,8.72,1.0,1.0,1.0,1.0,8.0,10.0,16.0,Não informado,LONDRINA,IBIPORA,NORMAL,5.18,0,0,0,0,0.99144083,0.008559145,0
72841336,41030265.0,2058096,6.44,4.25,7.3,6.5,7.58,6.25,7.11,5.67,6.92,5.9,6.96,8.5,7.29,5.65,7.06,6.68,1.0,2.0,1.0,1.0,13.0,11.0,18.0,F,LONDRINA,LONDRINA,NORMAL,1.42,0,0,0,0,0.96263117,0.03736886,0
1004834484,41029917.0,1994687,0.0,0.0,0.0,0.0,0.0,0.0,0.0,0.0,7.87,7.3,6.91,7.05,7.4,8.3,7.4,7.55,0.0,1.0,0.0,1.0,0.0,9.0,12.0,F,LONDRINA,LONDRINA,NORMAL,1.67,0,0,0,1,0.048821032,0.95117897,1
1013512686,41029500.0,1992675,0.0,0.0,0.0,0.0,0.0,0.0,0.0,0.0,6.23,6.0,7.41,6.25,7.46,6.3,7.03,6.18,0.0,1.0,0.0,1.0,0.0,9.0,16.0,Não informado,LONDRINA,LONDRINA,CIV.MIL,2.59,0,0,0,1,0.86848253,0.13151748,0
1012705170,41100476.0,2002589,8.82,8.95,8.03,7.85,8.37,8.75,8.41,8.52,7.79,8.45,8.31,5.55,7.3,6.15,7.8,6.72,1.0,1.0,1.0,1.0,8.0,10.0,13.0,F,GUARAPUAVA,GUARAPUAVA,NORMAL,1.63,1,0,0,0,0.97848207,0.021517953,0
871605270,41031059.0,2008457,8.3,7.3,7.42,7.45,7.96,7.45,7.89,7.4,7.6,8.05,8.61,7.45,7.48,7.35,7.9,7.62,1.0,1.0,1.0,1.0,12.0,12.0,18.0,M,LONDRINA,LONDRINA,NORMAL,3.84,0,0,0,0,0.98881656,0.011183451,0
1013885253,41031946.0,1993167,8.17,7.4,7.7,7.7,8.73,7.8,8.2,7.63,8.21,7.05,7.44,7.65,7.87,8.0,7.84,7.57,1.0,1.0,1.0,1.0,8.0,9.0,16.0,Não informado,LONDRINA,LONDRINA,NORMAL,2.21,0,0,0,0,0.9903625,0.009637502,0
1008151500,41101006.0,2021035,6.18,4.05,4.1,2.2,0.95,0.5,3.74,2.25,5.76,5.05,4.38,4.15,1.79,1.0,3.97,3.4,1.0,1.0,1.0,1.0,8.0,10.0,16.0,F,GUARAPUAVA,GUARAPUAVA,CAMPO,7.82,0,0,1,0,0.0017725825,0.9982274,1
1005569652,41030125.0,2053989,8.85,8.25,8.5,8.7,8.47,7.85,8.61,8.27,8.73,8.48,8.6,7.52,6.88,6.48,8.07,7.5,1.0,2.0,1.0,1.0,13.0,9.0,17.0,M,LONDRINA,LONDRINA,NORMAL,1.18,0,0,0,0,0.93318456,0.06681545,0
1013386320,41020170.0,2025760,0.0,0.0,0.0,0.0,0.0,0.0,0.0,0.0,8.14,8.0,8.64,7.95,9.07,8.85,8.62,8.27,0.0,1.0,0.0,1.0,0.0,9.0,16.0,Não informado,LONDRINA,JAGUAPITA,NORMAL,6.42,0,0,0,1,0.98709255,0.012907465,0
906703980,41033612.0,1990540,7.43,6.55,7.18,6.85,8.08,7.8,7.57,7.07,4.91,4.55,7.03,6.75,8.22,8.35,6.72,6.55,1.0,1.0,1.0,1.0,8.0,13.0,16.0,Não informado,LONDRINA,ROLANDIA,CIV.MIL,1.8,0,0,0,0,0.036563456,0.96343654,1
1008428081,41033817.0,1981893,7.37,6.15,7.5,6.4,7.22,6.5,7.36,6.35,7.35,6.85,6.84,7.6,6.59,7.4,6.92,7.28,1.0,1.0,1.0,1.0,8.0,10.0,16.0,Não informado,LONDRINA,ROLANDIA,NORMAL,1.45,0,0,0,0,0.98481756,0.015182417,0
1027929032,41030630.0,1985954,7.5,6.25,7.33,6.9,7.57,8.0,7.47,7.05,6.82,6.8,7.96,6.9,6.99,7.35,7.26,7.02,1.0,1.0,1.0,1.0,9.0,11.0,12.0,F,LONDRINA,LONDRINA,NORMAL,3.84,1,0,0,0,0.9649704,0.035029605,0
1013192975,41031946.0,1993167,7.22,7.75,7.2,7.2,6.97,8.15,7.13,7.7,5.81,6.85,6.49,5.95,7.31,7.25,6.54,6.68,1.0,1.0,1.0,1.0,8.0,9.0,16.0,Não informado,LONDRINA,LONDRINA,NORMAL,2.21,0,0,0,0,0.9613349,0.038665112,0
593014185,41143540.0,2010523,6.63,5.3,7.27,7.0,7.52,7.5,7.14,6.6,6.19,8.2,6.82,8.0,7.64,8.4,6.88,8.2,1.0,1.0,1.0,1.0,8.0,12.0,16.0,Não informado,LONDRINA,CAMBE,NORMAL,0.96,0,0,0,0,0.8960023,0.10399774,0
871916330,41029712.0,1863170,6.77,6.5,7.12,8.15,6.94,6.2,6.94,6.95,0.0,0.0,0.0,0.0,0.0,0.0,0.0,0.0,1.0,0.0,1.0,0.0,12.0,0.0,16.0,Não informado,LONDRINA,LONDRINA,NORMAL,2.11,0,0,0,0,0.9991481,0.00085193914,0
1011218519,41029356.0,1987640,0.0,0.0,0.0,0.0,0.0,0.0,0.0,0.0,9.1,9.4,9.71,9.55,8.9,9.15,9.24,9.37,0.0,1.0,0.0,1.0,0.0,9.0,16.0,Não informado,LONDRINA,IBIPORA,NORMAL,5.18,0,0,0,1,0.9744546,0.025545418,0
924264195,41031318.0,1832177,7.72,6.5,7.57,6.1,7.62,8.5,7.64,7.03,0.0,0.0,0.0,0.0,0.0,0.0,0.0,0.0,1.0,0.0,1.0,0.0,12.0,0.0,16.0,Não informado,LONDRINA,LONDRINA,INSTITUTO,6.97,0,0,0,0,0.99913996,0.0008600615,0
1023439693,41028430.0,1990009,0.0,0.0,0.0,0.0,0.0,0.0,0.0,0.0,6.29,5.65,6.64,8.65,6.89,7.5,6.6,7.27,0.0,1.0,0.0,1.0,0.0,9.0,16.0,Não informado,LONDRINA,CAMBE,CIV.MIL,1.87,0,0,0,1,0.73896027,0.2610397,0
1009487219,41031946.0,2021683,8.67,8.6,8.35,8.15,8.35,8.65,8.46,8.47,7.72,8.3,8.19,7.9,8.76,8.9,8.22,8.37,1.0,1.0,1.0,1.0,8.0,12.0,16.0,F,LONDRINA,LONDRINA,NORMAL,7.82,0,0,0,0,0.9879065,0.012093481,0
1011557100,41101006.0,2012701,0.0,0.0,0.0,0.0,0.0,0.0,0.0,0.0,6.39,6.4,6.53,6.15,6.43,6.7,6.45,6.42,0.0,1.0,0.0,1.0,0.0,9.0,11.0,M,GUARAPUAVA,GUARAPUAVA,CAMPO,7.82,0,0,0,1,0.7242165,0.27578348,0
1013457120,41352750.0,2043791,7.1,6.15,6.78,6.0,7.57,6.2,7.15,6.12,6.86,7.9,7.41,7.5,8.28,6.5,7.51,7.3,1.0,1.0,1.0,1.0,8.0,11.0,16.0,Não informado,,,,,0,0,0,0,0.9085219,0.09147811,0
1006883164,41031911.0,2014794,7.35,6.5,7.27,6.95,7.4,7.4,7.34,6.95,7.46,6.2,6.88,7.3,6.74,6.5,7.03,6.67,1.0,1.0,1.0,1.0,8.0,10.0,15.0,F,LONDRINA,TAMARANA,NORMAL,7.82,0,0,0,0,0.9830115,0.016988546,0
959253633,41099958.0,1821195,8.77,8.55,7.86,8.45,6.9,7.1,7.84,8.03,0.0,0.0,0.0,0.0,0.0,0.0,0.0,0.0,1.0,0.0,1.0,0.0,12.0,0.0,16.0,Não informado,GUARAPUAVA,GUARAPUAVA,NORMAL,0.73,0,0,0,0,0.9990999,0.0009000631,0
825405429,41033620.0,1857309,7.64,7.85,7.1,6.0,7.95,7.2,7.56,7.02,0.0,0.0,0.0,0.0,0.0,0.0,0.0,0.0,1.0,0.0,1.0,0.0,12.0,0.0,16.0,Não informado,LONDRINA,ROLANDIA,NORMAL,7.82,1,0,0,0,0.99922675,0.0007732295,0
9111560096,41029402.0,1991977,6.57,6.75,7.41,7.05,7.37,6.55,7.12,6.78,6.88,5.75,7.57,6.0,6.92,7.25,7.12,6.33,1.0,1.0,1.0,1.0,9.0,13.0,16.0,Não informado,LONDRINA,IBIPORA,NORMAL,3.8,0,0,0,0,0.13324785,0.86675215,1
1013032366,41028430.0,1990977,7.87,7.2,7.28,7.5,7.57,7.95,7.57,7.55,6.29,6.4,7.54,5.2,7.24,7.1,7.02,6.23,1.0,1.0,1.0,1.0,8.0,9.0,16.0,Não informado,LONDRINA,CAMBE,CIV.MIL,1.87,0,0,0,0,0.9853579,0.014642105,0
926311565,41144252.0,2022360,7.93,6.3,8.39,8.2,8.23,7.6,8.18,7.37,5.86,5.9,7.52,6.85,7.76,8.15,7.05,6.97,1.0,1.0,1.0,1.0,12.0,12.0,16.0,Não informado,LONDRINA,IBIPORA,CIV.MIL,5.12,0,0,0,0,0.75502557,0.24497442,0
9111620188,41021371.0,2029664,4.1,5.4,7.07,7.9,8.73,7.8,6.63,7.03,7.2,7.0,6.75,6.6,6.74,6.0,6.9,6.53,1.0,1.0,1.0,1.0,8.0,10.0,16.0,M,LONDRINA,BELA VISTA DO PARAISO,NORMAL,7.82,1,0,0,0,0.95777637,0.042223655,0
1008022646,41033817.0,1978036,0.0,0.0,0.0,0.0,0.0,0.0,0.0,0.0,6.21,5.0,6.47,5.85,5.84,4.6,6.18,5.15,0.0,1.0,0.0,1.0,0.0,9.0,12.0,F,LONDRINA,ROLANDIA,NORMAL,7.82,0,0,0,1,0.9792808,0.02071918,0
1004617459,41029151.0,1990975,9.32,9.6,9.13,9.5,9.18,9.8,9.21,9.63,9.26,8.95,9.26,9.65,9.09,9.45,9.21,9.35,1.0,1.0,1.0,1.0,8.0,13.0,16.0,F,LONDRINA,IBIPORA,CIV.MIL,4.61,0,0,0,0,0.9945976,0.005402388,0
1006811554,41101197.0,1984313,8.65,8.5,9.13,8.9,8.93,9.65,8.91,9.02,9.41,9.0,8.31,9.15,8.86,9.25,8.86,9.13,1.0,1.0,1.0,1.0,8.0,10.0,14.0,F,GUARAPUAVA,GUARAPUAVA,NORMAL,1.51,0,0,0,0,0.99314475,0.006855279,0
1030125688,41033396.0,2010249,0.0,0.0,0.0,0.0,0.0,0.0,0.0,0.0,0.0,0.0,6.61,8.3,8.59,8.3,5.07,5.53,0.0,1.0,0.0,1.0,0.0,9.0,16.0,Não informado,LONDRINA,LONDRINA,NORMAL,7.82,0,0,0,1,0.012273312,0.9877267,1
1006863678,41029542.0,1987199,7.98,6.4,8.03,8.5,7.58,8.55,7.87,7.82,7.01,8.5,7.27,9.4,7.93,7.75,7.4,8.55,1.0,1.0,1.0,1.0,8.0,12.0,16.0,Não informado,LONDRINA,LONDRINA,NORMAL,0.68,0,0,0,0,0.03630072,0.9636993,1
594923073,41031520.0,1841456,7.05,9.65,7.22,8.15,7.76,8.5,7.34,8.77,0.0,0.0,0.0,0.0,0.0,0.0,0.0,0.0,1.0,0.0,1.0,0.0,12.0,0.0,16.0,Não informado,LONDRINA,LONDRINA,NORMAL,7.48,0,0,0,0,0.99911207,0.0008879529,0
1004504603,41100719.0,2021119,3.03,0.75,4.65,3.0,2.02,1.0,3.23,1.58,6.0,6.25,6.49,6.75,5.96,5.0,6.15,6.0,1.0,1.0,1.0,1.0,8.0,9.0,16.0,Não informado,GUARAPUAVA,GUARAPUAVA,NORMAL,4.03,0,0,1,0,0.02527535,0.97472465,1
1015736697,41100689.0,1996986,0.0,0.0,0.0,0.0,0.0,0.0,0.0,0.0,6.34,5.0,6.29,5.8,7.53,4.5,6.72,5.1,0.0,1.0,0.0,1.0,0.0,9.0,11.0,M,GUARAPUAVA,GUARAPUAVA,NORMAL,2.85,0,0,0,1,0.04943335,0.95056665,1
1009515409,41106644.0,1988490,7.78,5.85,6.77,7.0,6.77,7.1,7.11,6.65,6.69,5.6,6.78,6.7,7.94,6.65,7.13,6.32,1.0,1.0,1.0,1.0,8.0,10.0,16.0,Não informado,GUARAPUAVA,TURVO,CAMPO,7.82,0,0,0,0,0.98520946,0.014790534,0
1012995586,41033302.0,2004098,7.53,6.9,8.13,7.1,7.95,7.35,7.87,7.12,7.48,8.9,7.53,6.4,7.83,7.4,7.61,7.57,1.0,1.0,1.0,1.0,8.0,11.0,14.0,M,LONDRINA,LONDRINA,NORMAL,7.82,0,0,0,0,0.98925614,0.010743873,0
1020042750,41028570.0,1986650,7.55,7.85,8.43,7.0,9.05,7.75,8.34,7.53,7.78,7.8,8.38,8.2,8.5,8.85,8.22,8.28,1.0,1.0,1.0,1.0,8.0,13.0,17.0,M,LONDRINA,CAMBE,CIV.MIL,0.21,0,0,0,0,0.99271464,0.007285355,0
1012838570,41031709.0,1995574,8.92,7.85,9.17,7.9,9.08,7.05,9.06,7.6,8.24,8.0,8.49,6.45,8.11,7.6,8.28,7.35,1.0,1.0,1.0,1.0,8.0,9.0,16.0,Não informado,LONDRINA,LONDRINA,NORMAL,2.66,0,0,0,0,0.97723514,0.022764835,0
1006646448,41031237.0,1993000,8.65,8.7,7.75,8.55,7.18,7.2,7.86,8.15,6.71,6.65,7.67,6.0,6.85,5.85,7.08,6.17,1.0,1.0,1.0,1.0,8.0,13.0,16.0,M,LONDRINA,LONDRINA,NORMAL,2.93,0,0,0,0,0.9833491,0.016650945,0
476331412,41032292.0,1838268,7.56,6.6,7.13,6.25,7.52,7.65,7.4,6.83,0.0,0.0,0.0,0.0,0.0,0.0,0.0,0.0,1.0,0.0,1.0,0.0,12.0,0.0,16.0,Não informado,LONDRINA,LONDRINA,NORMAL,0.91,0,0,0,0,0.9991751,0.0008249101,0
1013437102,41104897.0,1998178,0.0,0.0,0.0,0.0,0.0,0.0,0.0,0.0,6.79,6.0,6.29,6.0,7.46,7.15,6.84,6.38,0.0,1.0,0.0,1.0,0.0,9.0,16.0,Não informado,GUARAPUAVA,PINHAO,CIV.MIL,7.82,0,0,0,1,0.03208947,0.9679105,1
72614062,41019830.0,1993531,6.93,5.8,6.97,6.25,8.1,6.75,7.33,6.27,9.0,7.8,9.18,9.5,9.0,9.5,9.06,8.93,1.0,1.0,1.0,1.0,8.0,11.0,16.0,F,LONDRINA,GUARACI,NORMAL,4.78,0,0,0,0,0.9912223,0.00877766,0
478608330,41033302.0,2063262,0.0,0.0,0.0,0.0,0.0,0.0,0.0,0.0,7.97,6.55,7.75,6.8,1.08,0.0,5.6,4.45,0.0,1.0,0.0,1.0,0.0,13.0,16.0,Não informado,LONDRINA,LONDRINA,NORMAL,4.02,0,0,0,1,0.0051093697,0.99489063,1
1006791731,41031318.0,1998264,7.42,7.95,6.08,6.0,6.67,6.0,6.72,6.65,6.19,6.4,7.33,6.0,7.05,6.9,6.85,6.43,1.0,1.0,1.0,1.0,8.0,13.0,16.0,F,LONDRINA,LONDRINA,INSTITUTO,1.87,0,0,0,0,0.031234682,0.9687653,1
1008671741,41030397.0,1977956,8.92,9.1,8.5,8.7,8.95,9.0,8.79,8.93,9.59,8.5,9.53,9.25,9.62,8.05,9.58,8.6,1.0,1.0,1.0,1.0,8.0,10.0,15.0,M,LONDRINA,LONDRINA,NORMAL,7.82,0,0,0,0,0.99343795,0.006562064,0
1015830464,41030630.0,1992371,7.16,4.75,6.37,7.05,6.69,8.25,6.74,6.68,7.51,6.8,7.23,5.8,6.78,7.3,7.17,6.63,1.0,1.0,1.0,1.0,9.0,11.0,16.0,M,LONDRINA,LONDRINA,NORMAL,4.01,0,0,0,0,0.92174995,0.07825006,0
1000529563,41031288.0,2054730,7.85,6.4,7.7,6.75,8.08,7.45,7.88,6.87,7.55,7.6,8.34,7.2,8.2,7.5,8.03,7.43,1.0,2.0,1.0,1.0,12.0,11.0,17.0,M,LONDRINA,LONDRINA,NORMAL,6.32,0,0,0,0,0.9831921,0.016807884,0
1007208223,41140524.0,1986536,8.93,9.5,7.55,9.25,8.63,8.75,8.37,9.17,7.61,6.9,7.09,7.25,7.43,7.3,7.38,7.15,1.0,1.0,1.0,1.0,8.0,13.0,16.0,Não informado,,,,,0,0,0,0,0.95914245,0.04085754,0
1018501011,41029500.0,2019237,0.0,0.0,0.0,0.0,0.0,0.0,0.0,0.0,8.4,7.6,8.77,8.0,8.51,8.2,8.56,7.93,0.0,1.0,0.0,1.0,0.0,9.0,16.0,Não informado,LONDRINA,LONDRINA,CIV.MIL,2.59,0,0,0,1,0.9911418,0.008858221,0
1015287248,41029712.0,1977232,0.0,0.0,0.0,0.0,0.0,0.0,0.0,0.0,6.66,6.0,6.03,7.15,6.76,6.25,6.48,6.47,0.0,1.0,0.0,1.0,0.0,9.0,12.0,M,LONDRINA,LONDRINA,NORMAL,3.84,0,0,0,1,0.9396746,0.060325414,0
1006349648,41099958.0,1985337,9.38,9.25,9.68,9.7,9.33,9.7,9.47,9.55,9.43,8.85,9.81,8.6,8.11,8.75,9.12,8.73,1.0,1.0,1.0,1.0,8.0,10.0,15.0,F,GUARAPUAVA,GUARAPUAVA,NORMAL,3.43,0,0,0,0,0.98629826,0.013701747,0
1004225429,41100379.0,1983613,5.9,6.3,7.53,6.0,6.47,7.3,6.63,6.53,7.37,7.05,7.68,6.85,6.79,8.1,7.28,7.33,1.0,1.0,1.0,1.0,12.0,12.0,17.0,M,GUARAPUAVA,GUARAPUAVA,NORMAL,2.18,1,0,0,0,0.8852109,0.11478916,0
1004686353,41022416.0,2022453,7.55,6.75,7.8,7.55,8.52,7.75,7.96,7.35,7.9,6.5,8.22,7.5,8.71,8.85,8.28,7.62,1.0,1.0,1.0,1.0,8.0,10.0,16.0,Não informado,LONDRINA,SERTANOPOLIS,CIV.MIL,4.51,0,0,0,0,0.991988,0.008012025,0
1019102170,41021592.0,1987929,9.32,9.05,9.05,9.4,9.23,9.3,9.2,9.25,9.19,8.85,9.14,8.6,8.36,8.1,8.9,8.52,1.0,1.0,1.0,1.0,8.0,9.0,14.0,F,LONDRINA,BELA VISTA DO PARAISO,CIV.MIL,7.14,0,0,0,0,0.99225676,0.007743235,0
1009244588,41022416.0,2022377,8.28,8.75,7.33,7.5,7.57,8.8,7.73,8.35,8.05,6.25,7.19,7.75,6.81,6.5,7.35,6.83,1.0,1.0,1.0,1.0,8.0,10.0,14.0,F,LONDRINA,SERTANOPOLIS,CIV.MIL,4.51,0,0,0,0,0.91336,0.08664,0
66625273,41021266.0,2050034,0.0,0.0,0.0,0.0,0.0,0.0,0.0,0.0,5.0,6.25,6.7,6.88,6.89,7.08,6.19,6.74,0.0,2.0,0.0,1.0,0.0,9.0,17.0,F,LONDRINA,ALVORADA DO SUL,NORMAL,5.39,0,0,0,1,0.26988345,0.73011655,1
1008022646,41033817.0,1978036,0.0,0.0,0.0,0.0,0.0,0.0,0.0,0.0,6.21,5.0,6.47,5.85,5.84,4.6,6.18,5.15,0.0,1.0,0.0,1.0,0.0,9.0,12.0,F,LONDRINA,ROLANDIA,NORMAL,7.82,0,0,0,1,0.9792808,0.02071918,0
1006092043,41098838.0,2015793,0.0,0.0,0.0,0.0,0.0,0.0,0.0,0.0,8.03,6.4,7.97,7.05,8.01,7.0,8.0,6.82,0.0,1.0,0.0,1.0,0.0,9.0,16.0,Não informado,GUARAPUAVA,GOIOXIM,NORMAL,7.82,0,0,0,1,0.94870317,0.0512968,0
987549645,41028716.0,1873146,7.75,8.0,8.55,9.5,0.0,0.0,5.43,5.83,0.0,0.0,0.0,0.0,0.0,0.0,0.0,0.0,1.0,0.0,1.0,0.0,3.0,0.0,16.0,Não informado,LONDRINA,CAMBE,NORMAL,2.73,0,0,1,0,0.9988317,0.0011683233,0
594816714,41028732.0,1980585,9.12,9.85,9.36,9.45,9.62,9.35,9.37,9.55,9.1,9.15,9.51,9.7,9.49,9.25,9.37,9.37,1.0,1.0,1.0,1.0,12.0,12.0,18.0,F,LONDRINA,CAMBE,NORMAL,1.64,0,0,0,0,0.99509203,0.0049079694,0
1008136978,41100778.0,2016084,6.93,6.45,6.75,6.5,7.13,5.55,6.94,6.17,7.53,6.4,6.8,4.8,6.91,7.05,7.08,6.08,1.0,1.0,1.0,1.0,8.0,10.0,16.0,Não informado,GUARAPUAVA,GUARAPUAVA,CIV.MIL,2.34,0,0,0,0,0.92018217,0.07981782,0
595125022,41022050.0,2046644,7.82,8.75,7.38,7.6,8.04,9.1,7.75,8.48,7.22,7.15,8.15,8.2,7.88,7.95,7.75,7.77,1.0,1.0,1.0,1.0,12.0,12.0,18.0,F,LONDRINA,PRIMEIRO DE MAIO,NORMAL,7.19,0,0,0,0,0.9871976,0.012802445,0
1012191240,41099958.0,1984476,8.65,9.25,9.15,8.85,9.37,8.0,9.06,8.7,8.73,8.0,8.99,7.9,9.53,9.15,9.08,8.35,1.0,1.0,1.0,1.0,8.0,9.0,16.0,Não informado,GUARAPUAVA,GUARAPUAVA,NORMAL,0.73,0,0,0,0,0.9950073,0.0049927323,0
1003758156,41101200.0,1984186,6.37,5.4,6.7,5.0,6.39,4.6,6.49,5.0,6.06,5.8,5.93,4.7,7.06,5.1,6.35,5.2,1.0,1.0,1.0,1.0,9.0,11.0,16.0,Não informado,GUARAPUAVA,GUARAPUAVA,NORMAL,5.56,0,1,0,0,0.97496194,0.025038045,0
1008507500,41144228.0,1984119,6.31,5.05,7.56,5.6,6.44,4.75,6.77,5.13,6.28,6.05,7.24,6.4,8.37,6.95,7.3,6.47,1.0,1.0,1.0,1.0,9.0,11.0,16.0,Não informado,GUARAPUAVA,GUARAPUAVA,NORMAL,0.19,0,1,0,0,0.9819786,0.01802139,0
948659867,41032292.0,1838222,8.8,8.65,8.2,8.35,8.25,9.05,8.42,8.68,0.0,0.0,0.0,0.0,0.0,0.0,0.0,0.0,1.0,0.0,1.0,0.0,12.0,0.0,16.0,Não informado,LONDRINA,LONDRINA,NORMAL,0.91,0,0,0,0,0.9991832,0.00081684405,0
1004828484,41100476.0,2009137,6.81,7.2,6.26,6.5,7.4,7.1,6.82,6.93,7.67,6.75,7.29,6.05,6.14,5.8,7.03,6.2,1.0,1.0,1.0,1.0,12.0,12.0,17.0,F,GUARAPUAVA,GUARAPUAVA,NORMAL,4.5,0,0,0,0,0.9724404,0.027559578,0
1023546961,41028988.0,2042939,6.95,7.6,8.07,6.7,7.88,7.15,7.63,7.15,8.43,6.9,8.0,6.8,8.42,8.25,8.29,7.32,1.0,1.0,1.0,1.0,8.0,11.0,16.0,M,LONDRINA,CAMBE,NORMAL,0.45,0,0,0,0,0.9896968,0.010303196,0
1026127528,41152913.0,1993772,7.73,7.85,8.47,8.9,8.62,8.95,8.27,8.57,8.01,8.6,7.37,8.55,8.64,8.65,8.01,8.6,1.0,1.0,1.0,1.0,8.0,9.0,13.0,F,LONDRINA,ROLANDIA,CIV.MIL,1.17,0,0,0,0,0.010219157,0.98978084,1
1007421334,41144252.0,2006485,7.27,6.85,7.63,6.55,8.07,8.9,7.66,7.43,7.04,6.45,7.81,6.7,7.96,8.5,7.6,7.22,1.0,1.0,1.0,1.0,8.0,10.0,15.0,F,LONDRINA,IBIPORA,CIV.MIL,5.12,0,0,0,0,0.93292767,0.06707232,0
1010105770,41022050.0,2046018,9.0,9.05,9.02,9.3,8.93,9.25,8.98,9.2,8.5,9.25,8.97,9.25,9.26,9.05,8.91,9.18,1.0,1.0,1.0,1.0,8.0,9.0,13.0,F,LONDRINA,PRIMEIRO DE MAIO,NORMAL,7.19,0,0,0,0,0.9787656,0.021234397,0
74443320,41104897.0,1997580,7.86,6.25,8.4,7.35,8.65,8.4,8.31,7.33,8.05,8.6,7.53,8.0,7.5,7.85,7.7,8.15,1.0,2.0,1.0,1.0,13.0,9.0,17.0,M,GUARAPUAVA,PINHAO,CIV.MIL,7.82,0,0,0,0,0.95455825,0.045441758,0
1005467078,41029445.0,1995370,7.67,7.15,7.85,6.95,7.63,7.9,7.72,7.33,7.8,8.85,7.69,8.5,8.0,7.55,7.83,8.3,1.0,1.0,1.0,1.0,8.0,9.0,16.0,Não informado,LONDRINA,IBIPORA,NORMAL,4.18,0,0,0,0,0.96630007,0.03369991,0
1004232727,41033612.0,1982253,8.26,8.3,7.56,7.75,7.74,6.7,7.85,7.58,8.34,8.1,8.02,8.2,7.37,8.25,7.91,8.18,1.0,1.0,1.0,1.0,12.0,12.0,18.0,M,LONDRINA,ROLANDIA,CIV.MIL,7.82,0,0,0,0,0.9882496,0.011750422,0
1012909035,41031709.0,1995554,7.28,7.5,7.45,7.0,8.55,6.85,7.76,7.12,7.21,7.25,7.43,6.1,7.67,7.0,7.44,6.78,1.0,1.0,1.0,1.0,8.0,9.0,14.0,F,LONDRINA,LONDRINA,NORMAL,2.0,0,0,0,0,0.9891886,0.010811395,0
1019938243,41101197.0,1989874,8.82,8.65,8.22,8.65,8.58,8.9,8.54,8.73,7.52,7.0,7.8,6.95,6.87,7.9,7.4,7.28,1.0,1.0,1.0,1.0,8.0,12.0,16.0,Não informado,GUARAPUAVA,GUARAPUAVA,NORMAL,1.91,0,0,0,0,0.9743195,0.02568047,0
74940609,41100476.0,1996962,7.76,6.5,8.24,6.25,6.54,6.5,7.51,6.42,6.86,5.9,6.46,6.45,7.06,6.65,6.79,6.33,1.0,1.0,1.0,1.0,7.0,7.0,18.0,F,GUARAPUAVA,GUARAPUAVA,NORMAL,5.42,1,0,0,0,0.019846797,0.9801532,1
60501904,41030265.0,2058091,7.35,3.7,7.18,5.25,6.78,6.85,7.1,5.27,6.07,6.9,6.21,6.55,6.85,6.35,6.37,6.6,1.0,2.0,1.0,1.0,13.0,11.0,17.0,M,LONDRINA,LONDRINA,NORMAL,3.31,0,0,0,0,0.005417347,0.99458265,1
958955545,41144228.0,1984342,7.06,6.0,8.14,6.4,7.96,5.85,7.72,6.08,8.02,6.4,7.07,6.8,7.98,7.5,7.69,6.9,1.0,1.0,1.0,1.0,9.0,11.0,14.0,M,GUARAPUAVA,GUARAPUAVA,NORMAL,0.6,0,0,0,0,0.985766,0.014234026,0
359514565,41099958.0,1821139,6.58,6.9,8.11,6.75,8.44,8.2,7.71,7.28,0.0,0.0,0.0,0.0,0.0,0.0,0.0,0.0,1.0,0.0,1.0,0.0,13.0,0.0,16.0,Não informado,GUARAPUAVA,GUARAPUAVA,NORMAL,0.73,0,0,0,0,0.9991229,0.0008770992,0
1030245845,41028406.0,1980131,0.0,0.0,0.0,0.0,0.0,0.0,0.0,0.0,6.62,6.0,6.29,6.0,7.64,7.3,6.85,6.43,0.0,1.0,0.0,1.0,0.0,12.0,18.0,M,LONDRINA,CAMBE,NORMAL,3.84,0,0,0,1,0.3561176,0.6438824,1
1018386000,41130499.0,1988501,6.93,7.4,7.95,8.1,8.2,7.4,7.69,7.63,7.94,8.2,8.16,7.4,8.46,8.0,8.19,7.87,1.0,1.0,1.0,1.0,8.0,10.0,16.0,Não informado,,,,,0,0,0,0,0.9840187,0.01598133,0
1006607582,41104358.0,1996059,7.6,7.3,8.41,6.25,7.81,7.1,7.94,6.88,7.38,7.15,7.16,7.65,8.38,7.9,7.64,7.57,1.0,1.0,1.0,1.0,12.0,12.0,19.0,F,GUARAPUAVA,PINHAO,CAMPO,7.82,0,0,0,0,0.9753369,0.024663119,0
1004417948,41031970.0,1977450,7.51,8.05,7.7,8.4,8.94,8.8,8.05,8.42,4.65,7.5,8.45,8.0,8.45,7.5,6.66,6.84,1.0,2.0,1.0,1.0,12.0,9.0,16.0,Não informado,LONDRINA,LONDRINA,CEEP,3.25,0,0,0,0,0.5577995,0.44220048,1
1002028979,41098838.0,1983502,7.61,7.25,8.52,8.6,8.17,7.9,8.1,7.92,8.1,8.05,8.4,8.7,8.73,8.15,8.41,8.3,1.0,1.0,1.0,1.0,12.0,12.0,16.0,Não informado,GUARAPUAVA,GOIOXIM,NORMAL,7.82,0,0,0,0,0.9934517,0.0065482818,0
1025300030,41098153.0,1879085,7.46,8.25,7.61,8.35,7.53,8.5,7.53,8.37,0.0,0.0,0.0,0.0,0.0,0.0,0.0,0.0,1.0,0.0,1.0,0.0,12.0,0.0,16.0,Não informado,GUARAPUAVA,CANDOI,NORMAL,7.82,1,0,0,0,0.9990442,0.00095580926,0
9111661593,41029445.0,2018633,6.52,5.5,6.87,7.25,7.1,6.55,6.83,6.43,5.92,8.3,5.64,8.4,6.64,8.25,6.06,8.32,1.0,1.0,1.0,1.0,8.0,13.0,16.0,F,LONDRINA,IBIPORA,NORMAL,4.18,0,0,0,0,0.9297246,0.07027545,0
9113002279,41033612.0,1982266,6.72,6.55,6.58,6.45,6.58,6.25,6.63,6.42,6.83,6.3,6.82,7.85,7.95,7.05,7.2,7.07,1.0,1.0,1.0,1.0,8.0,13.0,16.0,Não informado,LONDRINA,ROLANDIA,CIV.MIL,1.8,0,0,0,0,0.8416805,0.1583195,0
1004540960,41029712.0,1977413,9.27,9.15,9.25,7.25,9.29,8.3,9.27,8.23,8.92,9.45,8.77,8.3,9.6,7.25,9.1,8.33,1.0,2.0,1.0,1.0,13.0,11.0,17.0,F,LONDRINA,LONDRINA,NORMAL,1.02,0,0,0,0,0.98866546,0.011334562,0
1023149237,41028988.0,2042842,7.63,7.85,7.63,7.6,6.98,7.7,7.42,7.72,7.73,6.6,6.44,5.2,7.41,7.9,7.2,6.57,1.0,1.0,1.0,1.0,8.0,11.0,16.0,Não informado,LONDRINA,CAMBE,NORMAL,1.71,0,0,0,0,0.72178477,0.27821523,0
1005082605,41031520.0,1996686,8.48,8.05,8.87,8.2,8.63,7.85,8.66,8.03,8.5,8.75,9.51,8.6,8.31,6.55,8.78,7.97,1.0,1.0,1.0,1.0,8.0,10.0,16.0,Não informado,LONDRINA,LONDRINA,NORMAL,7.48,0,0,0,0,0.99263066,0.0073693683,0
64883933,41146042.0,1981825,7.45,5.15,6.73,6.6,7.02,6.7,7.07,6.15,5.77,6.95,6.77,6.0,7.81,9.0,6.78,7.32,1.0,1.0,1.0,1.0,8.0,13.0,16.0,Não informado,LONDRINA,LONDRINA,NORMAL,0.89,0,0,0,0,0.04211998,0.95788,1
316019951,41028988.0,1935964,8.23,9.0,7.63,7.5,7.82,6.5,7.89,7.67,0.0,0.0,0.0,0.0,0.0,0.0,0.0,0.0,1.0,0.0,1.0,0.0,12.0,0.0,16.0,Não informado,LONDRINA,CAMBE,NORMAL,1.71,0,0,0,0,0.9991925,0.0008075184,0
1008675666,41033612.0,1978588,0.0,0.0,0.0,0.0,0.0,0.0,0.0,0.0,8.61,9.05,8.86,8.45,7.7,9.3,8.39,8.93,0.0,1.0,0.0,1.0,0.0,9.0,12.0,M,LONDRINA,ROLANDIA,CIV.MIL,7.58,0,0,0,1,0.9835025,0.016497513,0
1008575521,41033817.0,1981877,7.68,6.9,7.77,6.85,7.67,6.35,7.71,6.7,8.4,9.2,8.37,8.2,7.67,8.25,8.15,8.55,1.0,1.0,1.0,1.0,8.0,10.0,15.0,F,LONDRINA,ROLANDIA,NORMAL,7.82,0,0,0,0,0.9907912,0.009208808,0
1029861400,41030800.0,2003385,0.0,0.0,0.0,0.0,0.0,0.0,0.0,0.0,7.49,6.8,8.29,8.13,8.0,7.53,7.92,7.49,0.0,2.0,0.0,1.0,0.0,9.0,16.0,Não informado,LONDRINA,LONDRINA,NORMAL,5.8,0,0,0,1,0.777249,0.22275099,0
1023103300,41143540.0,2012638,0.0,0.0,0.0,0.0,0.0,0.0,0.0,0.0,7.11,6.7,7.69,7.25,7.23,7.15,7.34,7.03,0.0,1.0,0.0,1.0,0.0,9.0,12.0,M,LONDRINA,CAMBE,NORMAL,3.84,0,0,0,1,0.9824446,0.017555412,0
906703750,41031547.0,1818357,7.67,8.2,7.67,8.2,8.41,7.7,7.92,8.03,0.0,0.0,0.0,0.0,0.0,0.0,0.0,0.0,1.0,0.0,1.0,0.0,12.0,0.0,16.0,Não informado,LONDRINA,LONDRINA,NORMAL,5.07,1,0,0,0,0.99908286,0.0009171146,0
1023645714,41031318.0,1998923,8.21,8.85,8.83,8.9,9.1,8.2,8.71,8.65,7.57,6.85,8.25,7.3,8.8,8.8,8.21,7.65,1.0,1.0,1.0,1.0,12.0,8.0,18.0,F,LONDRINA,LONDRINA,INSTITUTO,3.84,0,0,0,0,0.9848902,0.015109765,0
1009094772,41152913.0,1994300,7.28,6.15,7.98,7.0,7.78,7.3,7.68,6.82,7.31,7.45,7.69,7.5,7.67,7.6,7.56,7.52,1.0,1.0,1.0,1.0,8.0,10.0,16.0,Não informado,LONDRINA,ROLANDIA,CIV.MIL,7.82,0,0,0,0,0.9898556,0.01014441,0
1014422494,41031393.0,2021769,0.0,0.0,0.0,0.0,0.0,0.0,0.0,0.0,7.6,6.95,8.37,7.45,8.26,6.7,8.08,7.03,0.0,1.0,0.0,1.0,0.0,9.0,16.0,Não informado,LONDRINA,LONDRINA,NORMAL,7.05,0,0,0,1,0.9852958,0.0147042405,0
1014283788,41033558.0,2011602,0.0,0.0,0.0,0.0,0.0,0.0,0.0,0.0,7.47,8.1,8.04,8.55,7.54,7.2,7.69,7.95,0.0,1.0,0.0,1.0,0.0,9.0,16.0,Não informado,LONDRINA,ROLANDIA,CIV.MIL,7.82,0,0,0,1,0.98664266,0.013357342,0
73483395,41099958.0,1987690,6.74,5.85,7.35,6.65,7.6,8.85,7.23,7.12,8.24,7.45,7.55,5.75,5.7,6.65,7.16,6.62,1.0,2.0,1.0,1.0,13.0,11.0,17.0,F,GUARAPUAVA,GUARAPUAVA,NORMAL,3.03,0,0,0,0,0.9438813,0.05611875,0
1015516379,41032683.0,1981696,8.22,8.25,9.0,7.7,7.48,8.0,8.23,7.98,8.49,9.2,9.21,9.35,7.91,8.5,8.54,9.02,1.0,1.0,1.0,1.0,8.0,9.0,13.0,F,LONDRINA,LONDRINA,NORMAL,3.84,0,0,0,0,0.04209715,0.95790285,1
1013713126,41144201.0,2009100,6.92,6.65,7.12,6.3,7.22,7.4,7.08,6.78,6.47,7.55,6.47,5.0,7.96,7.05,6.97,6.53,1.0,1.0,1.0,1.0,8.0,9.0,16.0,Não informado,GUARAPUAVA,GUARAPUAVA,CAMPO,7.82,0,0,0,0,0.9746276,0.025372362,0
1007119395,41099591.0,1990645,7.48,4.8,7.48,5.8,5.73,5.05,6.9,5.22,7.97,7.05,7.59,6.95,7.2,6.6,7.59,6.87,1.0,1.0,1.0,1.0,8.0,9.0,16.0,Não informado,GUARAPUAVA,GUARAPUAVA,NORMAL,2.96,0,0,0,0,0.99040586,0.009594125,0
927618753,41106792.0,2125506,6.57,6.05,6.97,6.3,7.08,6.15,6.87,6.17,6.9,6.5,6.04,6.0,7.27,7.3,6.74,6.6,1.0,2.0,1.0,1.0,11.0,8.0,16.0,Não informado,,,,,0,0,0,0,0.94656795,0.053432036,0
1008507879,41144228.0,1984411,5.8,6.65,7.73,6.3,7.96,5.75,7.16,6.23,8.72,7.7,7.92,7.65,8.42,8.25,8.36,7.87,1.0,1.0,1.0,1.0,9.0,11.0,14.0,M,GUARAPUAVA,GUARAPUAVA,NORMAL,2.37,1,0,0,0,0.9858638,0.014136224,0
1007350321,41101057.0,2014273,7.7,7.15,8.15,8.25,8.45,7.75,8.1,7.72,7.93,7.2,8.29,8.0,8.19,8.0,8.13,7.73,1.0,1.0,1.0,1.0,8.0,9.0,16.0,Não informado,GUARAPUAVA,GUARAPUAVA,CAMPO,4.7,0,0,0,0,0.99375886,0.0062411637,0
1005410114,41358872.0,1995889,7.67,7.0,7.6,6.9,9.1,6.1,8.12,6.67,7.54,7.25,6.54,7.15,7.37,7.1,7.15,7.17,1.0,1.0,1.0,1.0,8.0,9.0,16.0,Não informado,LONDRINA,LONDRINA,NORMAL,0.69,1,0,0,0,0.9674983,0.032501675,0
1011036895,41029542.0,1985797,7.47,6.0,7.75,6.05,8.23,6.9,7.82,6.32,6.08,3.55,5.6,5.45,1.2,4.75,4.29,4.58,1.0,1.0,1.0,1.0,8.0,10.0,15.0,F,LONDRINA,LONDRINA,NORMAL,0.21,0,0,0,0,0.0021687746,0.9978312,1
326611743,41020073.0,2056004,7.85,7.5,7.47,6.5,8.02,4.55,7.78,6.18,7.35,6.65,8.11,7.75,7.98,5.75,7.81,6.72,1.0,2.0,1.0,1.0,13.0,11.0,17.0,F,LONDRINA,JAGUAPITA,NORMAL,6.4,0,0,0,0,0.9727011,0.027298942,0
9106404175,41019830.0,1993357,7.03,6.95,7.33,6.3,7.73,7.0,7.37,6.75,8.37,6.8,8.36,6.55,7.96,7.55,8.23,6.97,1.0,1.0,1.0,1.0,8.0,11.0,16.0,Não informado,LONDRINA,GUARACI,NORMAL,4.78,1,0,0,0,0.9832949,0.016705118,0
475517555,41357566.0,2148989,6.4,6.0,6.03,6.15,5.73,7.1,6.06,6.42,6.27,6.1,5.0,0.0,0.0,0.0,3.76,2.03,1.0,1.0,1.0,1.0,8.0,4.0,18.0,F,LONDRINA,LONDRINA,CEEBJA,5.79,0,0,0,0,0.008104205,0.9918958,1
1015505750,41146042.0,2060087,8.35,6.3,7.9,8.5,8.08,7.9,8.11,7.57,8.16,8.3,8.53,7.35,8.09,8.85,8.26,8.17,1.0,1.0,1.0,1.0,8.0,9.0,16.0,Não informado,LONDRINA,LONDRINA,NORMAL,0.89,0,0,0,0,0.9935083,0.0064917025,0
1008534868,41033396.0,1868750,9.3,9.2,8.65,7.85,8.58,8.3,8.84,8.45,0.0,0.0,0.0,0.0,0.0,0.0,0.0,0.0,1.0,0.0,1.0,0.0,8.0,0.0,16.0,Não informado,LONDRINA,LONDRINA,NORMAL,7.82,1,0,0,0,0.9987627,0.0012372619,0
